SCD page,TelefonicaConfiguration,SCD,Capacity Model,12W/20W,Sectors,Indoor/Outdoor,2G/3G/4G Cabinet Type,Double cabinet,Lancaster/York cabinet upgrade,BB units in York/Lancaster cab,G9 end type,L800 end type,L1800 end type,2100 existing,LTE DUS to BB UG,Concatenation,Telefonica Configuration,Comments
MORAN,,,,,,,,,,,,,,,,,,
11,B3 Indoor ERS L18 Small 3 Sector,MORAN,Small,20W,3,Indoor,Indoor Eltek,No,N/A,No,ERS,ERS,ERS,N/A,N/A,MORAN Small 20W 3 Indoor Indoor Eltek No N/A No ERS ERS ERS N/A N/A,B3 Indoor ERS L18 Small 3 Sector,
11,B3 Outdoor ERS L18 Small 3 Sector,MORAN,Small,20W,3,Outdoor,Outdoor Eltek,No,N/A,No,ERS,ERS,ERS,N/A,N/A,MORAN Small 20W 3 Outdoor Outdoor Eltek No N/A No ERS ERS ERS N/A N/A,B3 Outdoor ERS L18 Small 3 Sector,
13,B3 Indoor ERS L18 Small 2 Sector,MORAN,Small,20W,2,Indoor,Indoor Eltek,No,N/A,No,ERS,ERS,ERS,N/A,N/A,MORAN Small 20W 2 Indoor Indoor Eltek No N/A No ERS ERS ERS N/A N/A,B3 Indoor ERS L18 Small 2 Sector,
13,B3 Outdoor ERS L18 Small 2 Sector,MORAN,Small,20W,2,Outdoor,Outdoor Eltek,No,N/A,No,ERS,ERS,ERS,N/A,N/A,MORAN Small 20W 2 Outdoor Outdoor Eltek No N/A No ERS ERS ERS N/A N/A,B3 Outdoor ERS L18 Small 2 Sector,
14,B3 Indoor ERS Small 3 Sector,MORAN,Small,20W,3,Indoor,Indoor Eltek,No,N/A,No,ERS,ERS,N/A,N/A,N/A,MORAN Small 20W 3 Indoor Indoor Eltek No N/A No ERS ERS N/A N/A N/A,B3 Indoor ERS Small 3 Sector,
14,B3 Outdoor ERS Small 3 Sector,MORAN,Small,20W,3,Outdoor,Outdoor Eltek,No,N/A,No,ERS,ERS,N/A,N/A,N/A,MORAN Small 20W 3 Outdoor Outdoor Eltek No N/A No ERS ERS N/A N/A N/A,B3 Outdoor ERS Small 3 Sector,
16,B3 Indoor ERS Small 2 Sector,MORAN,Small,20W,2,Indoor,Indoor Eltek,No,N/A,No,ERS,ERS,N/A,N/A,N/A,MORAN Small 20W 2 Indoor Indoor Eltek No N/A No ERS ERS N/A N/A N/A,B3 Indoor ERS Small 2 Sector,
16,B3 Outdoor ERS Small 2 Sector,MORAN,Small,20W,2,Outdoor,Outdoor Eltek,No,N/A,No,ERS,ERS,N/A,N/A,N/A,MORAN Small 20W 2 Outdoor Outdoor Eltek No N/A No ERS ERS N/A N/A N/A,B3 Outdoor ERS Small 2 Sector,
17,B3 Outdoor ERS Small SF 3 Sector,MORAN,Small,20W,3,Outdoor,Outdoor All units in York/Shire cab,No,N/A,Yes,ERS,ERS,N/A,N/A,N/A,MORAN Small 20W 3 Outdoor Outdoor All units in York/Shire cab No N/A Yes ERS ERS N/A N/A N/A,B3 Outdoor ERS Small SF 3 Sector,
19,B3 Outdoor ERS Small SF 2 Sector,MORAN,Small,20W,2,Outdoor,Outdoor All units in York/Shire cab,No,N/A,Yes,ERS,ERS,N/A,N/A,N/A,MORAN Small 20W 2 Outdoor Outdoor All units in York/Shire cab No N/A Yes ERS ERS N/A N/A N/A,B3 Outdoor ERS Small SF 2 Sector,
20,B3 Outdoor ERS L18 Small SF 3 Sector,MORAN,Small,20W,3,Outdoor,Outdoor All units in York/Shire cab,No,N/A,Yes,ERS,ERS,ERS,N/A,N/A,MORAN Small 20W 3 Outdoor Outdoor All units in York/Shire cab No N/A Yes ERS ERS ERS N/A N/A,B3 Outdoor ERS L18 Small SF 3 Sector,
22,B3 Outdoor ERS L18 Small SF 2 Sector,MORAN,Small,20W,2,Outdoor,Outdoor All units in York/Shire cab,No,N/A,Yes,ERS,ERS,ERS,N/A,N/A,MORAN Small 20W 2 Outdoor Outdoor All units in York/Shire cab No N/A Yes ERS ERS ERS N/A N/A,B3 Outdoor ERS L18 Small SF 2 Sector,
23,B3 Indoor ERS Network Rail (NR) 3 Sector,MORAN,Network Rail,20W,3,Indoor,Indoor Eltek,No,N/A,No,ERS,ERS,N/A,N/A,N/A,MORAN Network Rail 20W 3 Indoor Indoor Eltek No N/A No ERS ERS N/A N/A N/A,B3 Indoor ERS Network Rail (NR) 3 Sector,
23,B3 Outdoor ERS Network Rail (NR) 3 Sector,MORAN,Network Rail,20W,3,Outdoor,Outdoor Eltek,No,N/A,No,ERS,ERS,N/A,N/A,N/A,MORAN Network Rail 20W 3 Outdoor Outdoor Eltek No N/A No ERS ERS N/A N/A N/A,B3 Outdoor ERS Network Rail (NR) 3 Sector,
25,B3 Indoor ERS Network Rail (NR) 2 Sector,MORAN,Network Rail,20W,2,Indoor,Indoor Eltek,No,N/A,No,ERS,ERS,N/A,N/A,N/A,MORAN Network Rail 20W 2 Indoor Indoor Eltek No N/A No ERS ERS N/A N/A N/A,B3 Indoor ERS Network Rail (NR) 2 Sector,
25,B3 Outdoor ERS Network Rail (NR) 2 Sector,MORAN,Network Rail,20W,2,Outdoor,Outdoor Eltek,No,N/A,No,ERS,ERS,N/A,N/A,N/A,MORAN Network Rail 20W 2 Outdoor Outdoor Eltek No N/A No ERS ERS N/A N/A N/A,B3 Outdoor ERS Network Rail (NR) 2 Sector,
26,B3 Indoor ERS Low 3 Sector,MORAN,Low,20W,3,Indoor,Indoor Eltek,No,N/A,No,ERS,ERS,N/A,N/A,N/A,MORAN Low 20W 3 Indoor Indoor Eltek No N/A No ERS ERS N/A N/A N/A,B3 Indoor ERS Low 3 Sector,
26,B3 Outdoor ERS Low 3 Sector,MORAN,Low,20W,3,Outdoor,Outdoor Eltek,No,N/A,No,ERS,ERS,N/A,N/A,N/A,MORAN Low 20W 3 Outdoor Outdoor Eltek No N/A No ERS ERS N/A N/A N/A,B3 Outdoor ERS Low 3 Sector,
28,B3 Indoor ERS Low 2 Sector,MORAN,Low,20W,2,Indoor,Indoor Eltek,No,N/A,No,ERS,ERS,N/A,N/A,N/A,MORAN Low 20W 2 Indoor Indoor Eltek No N/A No ERS ERS N/A N/A N/A,B3 Indoor ERS Low 2 Sector,
28,B3 Outdoor ERS Low 2 Sector,MORAN,Low,20W,2,Outdoor,Outdoor Eltek,No,N/A,No,ERS,ERS,N/A,N/A,N/A,MORAN Low 20W 2 Outdoor Outdoor Eltek No N/A No ERS ERS N/A N/A N/A,B3 Outdoor ERS Low 2 Sector,
West and East Unwind,,,,,,,,,,,,,,,,,,
30,B3 Indoor ERS TEF L18 Small 3 Sector,West and East Unwind,Small,20W,3,Indoor,Indoor Eltek,No,N/A,No,ERS,ERS,ERS,N/A,N/A,West and East Unwind Small 20W 3 Indoor Indoor Eltek No N/A No ERS ERS ERS N/A N/A,B3 Indoor ERS TEF L18 Small 3 Sector,
30,B3 Outdoor ERS TEF L18 Small 3 Sector,West and East Unwind,Small,20W,3,Outdoor,Outdoor Eltek,No,N/A,No,ERS,ERS,ERS,N/A,N/A,West and East Unwind Small 20W 3 Outdoor Outdoor Eltek No N/A No ERS ERS ERS N/A N/A,B3 Outdoor ERS TEF L18 Small 3 Sector,
32,B3 Indoor ERS TEF L18 Small 2 Sector,West and East Unwind,Small,20W,2,Indoor,Indoor Eltek,No,N/A,No,ERS,ERS,ERS,N/A,N/A,West and East Unwind Small 20W 2 Indoor Indoor Eltek No N/A No ERS ERS ERS N/A N/A,B3 Indoor ERS TEF L18 Small 2 Sector,
32,B3 Outdoor ERS TEF L18 Small 2 Sector,West and East Unwind,Small,20W,2,Outdoor,Outdoor Eltek,No,N/A,No,ERS,ERS,ERS,N/A,N/A,West and East Unwind Small 20W 2 Outdoor Outdoor Eltek No N/A No ERS ERS ERS N/A N/A,B3 Outdoor ERS TEF L18 Small 2 Sector,
33,B3 Indoor ERS TEF Small 3 Sector,West and East Unwind,Small,20W,3,Indoor,Indoor Eltek,No,N/A,No,ERS,ERS,N/A,N/A,N/A,West and East Unwind Small 20W 3 Indoor Indoor Eltek No N/A No ERS ERS N/A N/A N/A,B3 Indoor ERS TEF Small 3 Sector,
33,B3 Outdoor ERS TEF Small 3 Sector,West and East Unwind,Small,20W,3,Outdoor,Outdoor Eltek,No,N/A,No,ERS,ERS,N/A,N/A,N/A,West and East Unwind Small 20W 3 Outdoor Outdoor Eltek No N/A No ERS ERS N/A N/A N/A,B3 Outdoor ERS TEF Small 3 Sector,
35,B3 Indoor ERS TEF Small 2 Sector,West and East Unwind,Small,20W,2,Indoor,Indoor Eltek,No,N/A,No,ERS,ERS,N/A,N/A,N/A,West and East Unwind Small 20W 2 Indoor Indoor Eltek No N/A No ERS ERS N/A N/A N/A,B3 Indoor ERS TEF Small 2 Sector,
35,B3 Outdoor ERS TEF Small 2 Sector,West and East Unwind,Small,20W,2,Outdoor,Outdoor Eltek,No,N/A,No,ERS,ERS,N/A,N/A,N/A,West and East Unwind Small 20W 2 Outdoor Outdoor Eltek No N/A No ERS ERS N/A N/A N/A,B3 Outdoor ERS TEF Small 2 Sector,
36,B3 Outdoor ERS TEF Small SF 3 Sector,West and East Unwind,Small,20W,3,Outdoor,Outdoor All units in York/Shire cab,No,N/A,Yes,ERS,ERS,N/A,N/A,N/A,West and East Unwind Small 20W 3 Outdoor Outdoor All units in York/Shire cab No N/A Yes ERS ERS N/A N/A N/A,B3 Outdoor ERS TEF Small SF 3 Sector,
38,B3 Outdoor ERS TEF Small SF 2 Sector,West and East Unwind,Small,20W,2,Outdoor,Outdoor All units in York/Shire cab,No,N/A,Yes,ERS,ERS,N/A,N/A,N/A,West and East Unwind Small 20W 2 Outdoor Outdoor All units in York/Shire cab No N/A Yes ERS ERS N/A N/A N/A,B3 Outdoor ERS TEF Small SF 2 Sector,
39,B3 Outdoor ERS TEF L18 Small SF 3 Sector,West and East Unwind,Small,20W,3,Outdoor,Outdoor All units in York/Shire cab,No,N/A,Yes,ERS,ERS,ERS,N/A,N/A,West and East Unwind Small 20W 3 Outdoor Outdoor All units in York/Shire cab No N/A Yes ERS ERS ERS N/A N/A,B3 Outdoor ERS TEF L18 Small SF 3 Sector,
41,B3 Outdoor ERS TEF L18 Small SF 2 Sector,West and East Unwind,Small,20W,2,Outdoor,Outdoor All units in York/Shire cab,No,N/A,Yes,ERS,ERS,ERS,N/A,N/A,West and East Unwind Small 20W 2 Outdoor Outdoor All units in York/Shire cab No N/A Yes ERS ERS ERS N/A N/A,B3 Outdoor ERS TEF L18 Small SF 2 Sector,
42,B3 Indoor ERS TEF Network Rail (NR) 3 Sector,West and East Unwind,Network Rail,20W,3,Indoor,Indoor Eltek,No,N/A,No,ERS,ERS,N/A,N/A,N/A,West and East Unwind Network Rail 20W 3 Indoor Indoor Eltek No N/A No ERS ERS N/A N/A N/A,B3 Indoor ERS TEF Network Rail (NR) 3 Sector,
42,B3 Outdoor ERS TEF Network Rail (NR) 3 Sector,West and East Unwind,Network Rail,20W,3,Outdoor,Outdoor Eltek,No,N/A,No,ERS,ERS,N/A,N/A,N/A,West and East Unwind Network Rail 20W 3 Outdoor Outdoor Eltek No N/A No ERS ERS N/A N/A N/A,B3 Outdoor ERS TEF Network Rail (NR) 3 Sector,
44,B3 Indoor ERS TEF Network Rail (NR) 2 Sector,West and East Unwind,Network Rail,20W,2,Indoor,Indoor Eltek,No,N/A,No,ERS,ERS,N/A,N/A,N/A,West and East Unwind Network Rail 20W 2 Indoor Indoor Eltek No N/A No ERS ERS N/A N/A N/A,B3 Indoor ERS TEF Network Rail (NR) 2 Sector,
44,B3 Outdoor ERS TEF Network Rail (NR) 2 Sector,West and East Unwind,Network Rail,20W,2,Outdoor,Outdoor Eltek,No,N/A,No,ERS,ERS,N/A,N/A,N/A,West and East Unwind Network Rail 20W 2 Outdoor Outdoor Eltek No N/A No ERS ERS N/A N/A N/A,B3 Outdoor ERS TEF Network Rail (NR) 2 Sector,
45,B3 Indoor ERS TEF Low 3 Sector,West and East Unwind,Low,20W,3,Indoor,Indoor Eltek,No,N/A,No,ERS,ERS,N/A,N/A,N/A,West and East Unwind Low 20W 3 Indoor Indoor Eltek No N/A No ERS ERS N/A N/A N/A,B3 Indoor ERS TEF Low 3 Sector,
45,B3 Outdoor ERS TEF Low 3 Sector,West and East Unwind,Low,20W,3,Outdoor,Outdoor Eltek,No,N/A,No,ERS,ERS,N/A,N/A,N/A,West and East Unwind Low 20W 3 Outdoor Outdoor Eltek No N/A No ERS ERS N/A N/A N/A,B3 Outdoor ERS TEF Low 3 Sector,
47,B3 Indoor ERS TEF Low 2 Sector,West and East Unwind,Low,20W,2,Indoor,Indoor Eltek,No,N/A,No,ERS,ERS,N/A,N/A,N/A,West and East Unwind Low 20W 2 Indoor Indoor Eltek No N/A No ERS ERS N/A N/A N/A,B3 Indoor ERS TEF Low 2 Sector,
47,B3 Outdoor ERS TEF Low 2 Sector,West and East Unwind,Low,20W,2,Outdoor,Outdoor Eltek,No,N/A,No,ERS,ERS,N/A,N/A,N/A,West and East Unwind Low 20W 2 Outdoor Outdoor Eltek No N/A No ERS ERS N/A N/A N/A,B3 Outdoor ERS TEF Low 2 Sector,
Beacon 1 to Beacon 3 Upgrades,,,,,,,,,,,,,,,,,,
17,B1 to B3 Upgrade - Indoor 20W High - 3 Sector,Beacon 1 to Beacon 3 Upgrades,High,20W,3,Indoor,Indoor DC RBS 6201,Yes,No,No,Macro,ERS to ERS,RUS 02,Macro,Yes,Beacon 1 to Beacon 3 Upgrades High 20W 3 Indoor Indoor DC RBS 6201 Yes No No Macro ERS to ERS RUS 02 Macro Yes,B1 to B3 Upgrade - Indoor 20W High - 3 Sector,
17,B1 to B3 Upgrade - Outdoor 20W High - 3 Sector,Beacon 1 to Beacon 3 Upgrades,High,20W,3,Outdoor,Outdoor AC RBS 6102,Yes,No,No,Macro,ERS to ERS,RUS 02,Macro,Yes,Beacon 1 to Beacon 3 Upgrades High 20W 3 Outdoor Outdoor AC RBS 6102 Yes No No Macro ERS to ERS RUS 02 Macro Yes,B1 to B3 Upgrade - Outdoor 20W High - 3 Sector,
21,B1 to B3 Upgrade - Indoor 20W High - 2 Sector,Beacon 1 to Beacon 3 Upgrades,High,20W,2,Indoor,Indoor DC RBS 6201,Yes,No,No,Macro,ERS to ERS,RUS 02,Macro,Yes,Beacon 1 to Beacon 3 Upgrades High 20W 2 Indoor Indoor DC RBS 6201 Yes No No Macro ERS to ERS RUS 02 Macro Yes,B1 to B3 Upgrade - Indoor 20W High - 2 Sector,
21,B1 to B3 Upgrade - Outdoor 20W High - 2 Sector,Beacon 1 to Beacon 3 Upgrades,High,20W,2,Outdoor,Outdoor AC RBS 6102,Yes,No,No,Macro,ERS to ERS,RUS 02,Macro,Yes,Beacon 1 to Beacon 3 Upgrades High 20W 2 Outdoor Outdoor AC RBS 6102 Yes No No Macro ERS to ERS RUS 02 Macro Yes,B1 to B3 Upgrade - Outdoor 20W High - 2 Sector,
20,B1 to B3 Upgrade - Indoor 20W Medium - 3 Sector,Beacon 1 to Beacon 3 Upgrades,Medium,20W,3,Indoor,Indoor DC RBS 6201,Yes,No,No,Macro,ERS to ERS,RUS 01,Macro,Yes,Beacon 1 to Beacon 3 Upgrades Medium 20W 3 Indoor Indoor DC RBS 6201 Yes No No Macro ERS to ERS RUS 01 Macro Yes,B1 to B3 Upgrade - Indoor 20W Medium - 3 Sector,
20,B1 to B3 Upgrade - Outdoor 20W Medium - 3 Sector,Beacon 1 to Beacon 3 Upgrades,Medium,20W,3,Outdoor,Outdoor AC RBS 6102,Yes,No,No,Macro,ERS to ERS,RUS 01,Macro,Yes,Beacon 1 to Beacon 3 Upgrades Medium 20W 3 Outdoor Outdoor AC RBS 6102 Yes No No Macro ERS to ERS RUS 01 Macro Yes,B1 to B3 Upgrade - Outdoor 20W Medium - 3 Sector,
21,B1 to B3 Upgrade - Indoor 20W Medium - 2 Sector,Beacon 1 to Beacon 3 Upgrades,Medium,20W,2,Indoor,Indoor DC RBS 6201,Yes,No,No,Macro,ERS to ERS,RUS 01,Macro,Yes,Beacon 1 to Beacon 3 Upgrades Medium 20W 2 Indoor Indoor DC RBS 6201 Yes No No Macro ERS to ERS RUS 01 Macro Yes,B1 to B3 Upgrade - Indoor 20W Medium - 2 Sector,
21,B1 to B3 Upgrade - Outdoor 20W Medium - 2 Sector,Beacon 1 to Beacon 3 Upgrades,Medium,20W,2,Outdoor,Outdoor AC RBS 6102,Yes,No,No,Macro,ERS to ERS,RUS 01,Macro,Yes,Beacon 1 to Beacon 3 Upgrades Medium 20W 2 Outdoor Outdoor AC RBS 6102 Yes No No Macro ERS to ERS RUS 01 Macro Yes,B1 to B3 Upgrade - Outdoor 20W Medium - 2 Sector,
22,B1 to B3 Upgrade - Indoor 20W High U2100 RRU - 3 Sector,Beacon 1 to Beacon 3 Upgrades,High,20W,3,Indoor,Indoor DC RBS 6201,Yes,No,No,Macro,ERS to ERS,RUS 02,ERS,Yes,Beacon 1 to Beacon 3 Upgrades High 20W 3 Indoor Indoor DC RBS 6201 Yes No No Macro ERS to ERS RUS 02 ERS Yes,B1 to B3 Upgrade - Indoor 20W High U2100 RRU - 3 Sector,
23,B1 to B3 Upgrade - Indoor 20W Medium U2100 RRU - 3 Sector,Beacon 1 to Beacon 3 Upgrades,Medium,20W,3,Indoor,Indoor DC RBS 6201,Yes,No,No,Macro,ERS to ERS,RUS 01,ERS,Yes,Beacon 1 to Beacon 3 Upgrades Medium 20W 3 Indoor Indoor DC RBS 6201 Yes No No Macro ERS to ERS RUS 01 ERS Yes,B1 to B3 Upgrade - Indoor 20W Medium U2100 RRU - 3 Sector,
24,B1 to B3 Upgrade - Indoor 20W Network Rail - 3 Sector,Beacon 1 to Beacon 3 Upgrades,Network Rail,20W,3,Indoor,Indoor DC RBS 6201,Yes,No,No,Macro,ERS to ERS,RUS 01,Macro,Yes,Beacon 1 to Beacon 3 Upgrades Network Rail 20W 3 Indoor Indoor DC RBS 6201 Yes No No Macro ERS to ERS RUS 01 Macro Yes,B1 to B3 Upgrade - Indoor 20W Network Rail - 3 Sector,
24,B1 to B3 Upgrade - Outdoor 20W Network Rail - 3 Sector,Beacon 1 to Beacon 3 Upgrades,Network Rail,20W,3,Outdoor,Outdoor AC RBS 6102,Yes,No,No,Macro,ERS to ERS,RUS 01,Macro,Yes,Beacon 1 to Beacon 3 Upgrades Network Rail 20W 3 Outdoor Outdoor AC RBS 6102 Yes No No Macro ERS to ERS RUS 01 Macro Yes,B1 to B3 Upgrade - Outdoor 20W Network Rail - 3 Sector,
27,B1 to B3 Upgrade - Indoor 20W Network Rail (No-L18) - 3 Sector,Beacon 1 to Beacon 3 Upgrades,Network Rail,20W,3,Indoor,Indoor DC RBS 6201,Yes,No,No,Macro,ERS to ERS,N/A,Macro,Yes,Beacon 1 to Beacon 3 Upgrades Network Rail 20W 3 Indoor Indoor DC RBS 6201 Yes No No Macro ERS to ERS N/A Macro Yes,B1 to B3 Upgrade - Indoor 20W Network Rail (No-L18) - 3 Sector,
27,B1 to B3 Upgrade - Outdoor 20W Network Rail (No-L18) - 3 Sector,Beacon 1 to Beacon 3 Upgrades,Network Rail,20W,3,Outdoor,Outdoor AC RBS 6102,Yes,No,No,Macro,ERS to ERS,N/A,Macro,Yes,Beacon 1 to Beacon 3 Upgrades Network Rail 20W 3 Outdoor Outdoor AC RBS 6102 Yes No No Macro ERS to ERS N/A Macro Yes,B1 to B3 Upgrade - Outdoor 20W Network Rail (No-L18) - 3 Sector,
28,B1 to B3 Upgrade - Indoor 20W Network Rail - 2 Sector,Beacon 1 to Beacon 3 Upgrades,Network Rail,20W,2,Indoor,Indoor DC RBS 6201,Yes,No,No,Macro,ERS to ERS,RUS 01,Macro,Yes,Beacon 1 to Beacon 3 Upgrades Network Rail 20W 2 Indoor Indoor DC RBS 6201 Yes No No Macro ERS to ERS RUS 01 Macro Yes,B1 to B3 Upgrade - Indoor 20W Network Rail - 2 Sector,
28,B1 to B3 Upgrade - Outdoor 20W Network Rail - 2 Sector,Beacon 1 to Beacon 3 Upgrades,Network Rail,20W,2,Outdoor,Outdoor AC RBS 6102,Yes,No,No,Macro,ERS to ERS,RUS 01,Macro,Yes,Beacon 1 to Beacon 3 Upgrades Network Rail 20W 2 Outdoor Outdoor AC RBS 6102 Yes No No Macro ERS to ERS RUS 01 Macro Yes,B1 to B3 Upgrade - Outdoor 20W Network Rail - 2 Sector,
29,B1 to B3 Upgrade - Indoor 20W Network Rail (No-L18) - 2 Sector,Beacon 1 to Beacon 3 Upgrades,Network Rail,20W,2,Indoor,Indoor DC RBS 6201,Yes,No,No,Macro,ERS to ERS,N/A,Macro,Yes,Beacon 1 to Beacon 3 Upgrades Network Rail 20W 2 Indoor Indoor DC RBS 6201 Yes No No Macro ERS to ERS N/A Macro Yes,B1 to B3 Upgrade - Indoor 20W Network Rail (No-L18) - 2 Sector,
29,B1 to B3 Upgrade - Outdoor 20W Network Rail (No-L18) - 2 Sector,Beacon 1 to Beacon 3 Upgrades,Network Rail,20W,2,Outdoor,Outdoor AC RBS 6102,Yes,No,No,Macro,ERS to ERS,N/A,Macro,Yes,Beacon 1 to Beacon 3 Upgrades Network Rail 20W 2 Outdoor Outdoor AC RBS 6102 Yes No No Macro ERS to ERS N/A Macro Yes,B1 to B3 Upgrade - Outdoor 20W Network Rail (No-L18) - 2 Sector,
30,B1 to B3 Upgrade - Indoor 20W L18 Small - 3 Sector,Beacon 1 to Beacon 3 Upgrades,Small,20W,3,Indoor,Indoor DC RBS 6201,Yes,No,No,Macro,ERS to ERS,RUS 01,Macro,Yes,Beacon 1 to Beacon 3 Upgrades Small 20W 3 Indoor Indoor DC RBS 6201 Yes No No Macro ERS to ERS RUS 01 Macro Yes,B1 to B3 Upgrade - Indoor 20W L18 Small - 3 Sector,
30,B1 to B3 Upgrade - Outdoor 20W L18 Small - 3 Sector,Beacon 1 to Beacon 3 Upgrades,Small,20W,3,Outdoor,Outdoor AC RBS 6102,Yes,No,No,Macro,ERS to ERS,RUS 01,Macro,Yes,Beacon 1 to Beacon 3 Upgrades Small 20W 3 Outdoor Outdoor AC RBS 6102 Yes No No Macro ERS to ERS RUS 01 Macro Yes,B1 to B3 Upgrade - Outdoor 20W L18 Small - 3 Sector,
31,B1 to B3 Upgrade - Indoor 20W L18 Small - 2 Sector,Beacon 1 to Beacon 3 Upgrades,Small,20W,2,Indoor,Indoor DC RBS 6201,Yes,No,No,Macro,ERS to ERS,RUS 01,Macro,Yes,Beacon 1 to Beacon 3 Upgrades Small 20W 2 Indoor Indoor DC RBS 6201 Yes No No Macro ERS to ERS RUS 01 Macro Yes,B1 to B3 Upgrade - Indoor 20W L18 Small - 2 Sector,
31,B1 to B3 Upgrade - Outdoor 20W L18 Small - 2 Sector,Beacon 1 to Beacon 3 Upgrades,Small,20W,2,Outdoor,Outdoor AC RBS 6102,Yes,No,No,Macro,ERS to ERS,RUS 01,Macro,Yes,Beacon 1 to Beacon 3 Upgrades Small 20W 2 Outdoor Outdoor AC RBS 6102 Yes No No Macro ERS to ERS RUS 01 Macro Yes,B1 to B3 Upgrade - Outdoor 20W L18 Small - 2 Sector,
32,B1 to B3 Upgrade - Indoor 20W Small - 3 Sector,Beacon 1 to Beacon 3 Upgrades,Small,20W,3,Indoor,Indoor DC RBS 6201,Yes,No,No,Macro,ERS to ERS,N/A,Macro,Yes,Beacon 1 to Beacon 3 Upgrades Small 20W 3 Indoor Indoor DC RBS 6201 Yes No No Macro ERS to ERS N/A Macro Yes,B1 to B3 Upgrade - Indoor 20W Small - 3 Sector,
32,B1 to B3 Upgrade - Outdoor 20W Small - 3 Sector,Beacon 1 to Beacon 3 Upgrades,Small,20W,3,Outdoor,Outdoor AC RBS 6102,Yes,No,No,Macro,ERS to ERS,N/A,Macro,Yes,Beacon 1 to Beacon 3 Upgrades Small 20W 3 Outdoor Outdoor AC RBS 6102 Yes No No Macro ERS to ERS N/A Macro Yes,B1 to B3 Upgrade - Outdoor 20W Small - 3 Sector,
33,B1 to B3 Upgrade - Indoor 20W Small - 2 Sector,Beacon 1 to Beacon 3 Upgrades,Small,20W,2,Indoor,Indoor DC RBS 6201,Yes,No,No,Macro,ERS to ERS,N/A,Macro,Yes,Beacon 1 to Beacon 3 Upgrades Small 20W 2 Indoor Indoor DC RBS 6201 Yes No No Macro ERS to ERS N/A Macro Yes,B1 to B3 Upgrade - Indoor 20W Small - 2 Sector,
33,B1 to B3 Upgrade - Outdoor 20W Small - 2 Sector,Beacon 1 to Beacon 3 Upgrades,Small,20W,2,Outdoor,Outdoor AC RBS 6102,Yes,No,No,Macro,ERS to ERS,N/A,Macro,Yes,Beacon 1 to Beacon 3 Upgrades Small 20W 2 Outdoor Outdoor AC RBS 6102 Yes No No Macro ERS to ERS N/A Macro Yes,B1 to B3 Upgrade - Outdoor 20W Small - 2 Sector,
32,B1 to B3 Upgrade - Indoor 20W Small - 3 Sector + L18 2x2 4415 Option,Beacon 1 to Beacon 3 Upgrades,Small,20W,3,Indoor,Indoor DC RBS 6201,Yes,No,No,Macro,ERS to ERS,Radio 4415,Macro,Yes,Beacon 1 to Beacon 3 Upgrades Small 20W 3 Indoor Indoor DC RBS 6201 Yes No No Macro ERS to ERS Radio 4415 Macro Yes,B1 to B3 Upgrade - Indoor 20W Small - 3 Sector + L18 2x2 4415 Option,
32,B1 to B3 Upgrade - Outdoor 20W Small - 3 Sector + L18 2x2 4415 Option,Beacon 1 to Beacon 3 Upgrades,Small,20W,3,Outdoor,Outdoor AC RBS 6102,Yes,No,No,Macro,ERS to ERS,Radio 4415,Macro,Yes,Beacon 1 to Beacon 3 Upgrades Small 20W 3 Outdoor Outdoor AC RBS 6102 Yes No No Macro ERS to ERS Radio 4415 Macro Yes,B1 to B3 Upgrade - Outdoor 20W Small - 3 Sector + L18 2x2 4415 Option,
33,B1 to B3 Upgrade - Indoor 20W Small - 2 Sector + L18 2x2 4415 Option,Beacon 1 to Beacon 3 Upgrades,Small,20W,2,Indoor,Indoor DC RBS 6201,Yes,No,No,Macro,ERS to ERS,Radio 4415,Macro,Yes,Beacon 1 to Beacon 3 Upgrades Small 20W 2 Indoor Indoor DC RBS 6201 Yes No No Macro ERS to ERS Radio 4415 Macro Yes,B1 to B3 Upgrade - Indoor 20W Small - 2 Sector + L18 2x2 4415 Option,
33,B1 to B3 Upgrade - Outdoor 20W Small - 2 Sector + L18 2x2 4415 Option,Beacon 1 to Beacon 3 Upgrades,Small,20W,2,Outdoor,Outdoor AC RBS 6102,Yes,No,No,Macro,ERS to ERS,Radio 4415,Macro,Yes,Beacon 1 to Beacon 3 Upgrades Small 20W 2 Outdoor Outdoor AC RBS 6102 Yes No No Macro ERS to ERS Radio 4415 Macro Yes,B1 to B3 Upgrade - Outdoor 20W Small - 2 Sector + L18 2x2 4415 Option,
34,B1 to B3 Upgrade - Indoor 20W Small U2100 RRU - 3 Sector,Beacon 1 to Beacon 3 Upgrades,Small,20W,3,Indoor,Indoor DC RBS 6201,Yes,No,No,Macro,ERS to ERS,N/A,ERS,Yes,Beacon 1 to Beacon 3 Upgrades Small 20W 3 Indoor Indoor DC RBS 6201 Yes No No Macro ERS to ERS N/A ERS Yes,B1 to B3 Upgrade - Indoor 20W Small U2100 RRU - 3 Sector,
34,B1 to B3 Upgrade - Outdoor 20W Small U2100 RRU - 3 Sector,Beacon 1 to Beacon 3 Upgrades,Small,20W,3,Outdoor,Outdoor AC RBS 6102,Yes,No,No,Macro,ERS to ERS,N/A,ERS,Yes,Beacon 1 to Beacon 3 Upgrades Small 20W 3 Outdoor Outdoor AC RBS 6102 Yes No No Macro ERS to ERS N/A ERS Yes,B1 to B3 Upgrade - Outdoor 20W Small U2100 RRU - 3 Sector,
35,B1 to B3 Upgrade - Outdoor 20W Small SF - 3 Sector (York),Beacon 1 to Beacon 3 Upgrades,Small,20W,3,Outdoor,Outdoor AC RBS 6102,Yes,6102 to York,No,Macro,Macro to ERS,N/A,Macro,Yes,Beacon 1 to Beacon 3 Upgrades Small 20W 3 Outdoor Outdoor AC RBS 6102 Yes 6102 to York No Macro Macro to ERS N/A Macro Yes,B1 to B3 Upgrade - Outdoor 20W Small SF - 3 Sector (York),
36,B1 to B3 Upgrade - Outdoor 20W Small SF - 2 Sector (York),Beacon 1 to Beacon 3 Upgrades,Small,20W,2,Outdoor,Outdoor AC RBS 6102,Yes,6102 to York,No,Macro,Macro to ERS,N/A,Macro,Yes,Beacon 1 to Beacon 3 Upgrades Small 20W 2 Outdoor Outdoor AC RBS 6102 Yes 6102 to York No Macro Macro to ERS N/A Macro Yes,B1 to B3 Upgrade - Outdoor 20W Small SF - 2 Sector (York),
37,B1 to B3 Upgrade - Outdoor 20W L18 Small SF - 3 Sector (York),Beacon 1 to Beacon 3 Upgrades,Small,20W,3,Outdoor,Outdoor AC RBS 6102,Yes,6102 to York,No,Macro,Macro to ERS,Radio 4480,Macro,Yes,Beacon 1 to Beacon 3 Upgrades Small 20W 3 Outdoor Outdoor AC RBS 6102 Yes 6102 to York No Macro Macro to ERS Radio 4480 Macro Yes,B1 to B3 Upgrade - Outdoor 20W L18 Small SF - 3 Sector (York),
38,B1 to B3 Upgrade - Outdoor 20W Small SF Retrofit - 3 Sector (York),Beacon 1 to Beacon 3 Upgrades,Small,20W,3,Outdoor,Outdoor AC RBS 6102,Yes,Retrofit to York,No,Macro,Macro to ERS,N/A,Macro,Yes,Beacon 1 to Beacon 3 Upgrades Small 20W 3 Outdoor Outdoor AC RBS 6102 Yes Retrofit to York No Macro Macro to ERS N/A Macro Yes,B1 to B3 Upgrade - Outdoor 20W Small SF Retrofit - 3 Sector (York),
39,B1 to B3 Upgrade - Outdoor 20W L18 Small SF Retrofit - 3 Sector (York),Beacon 1 to Beacon 3 Upgrades,Small,20W,3,Outdoor,Outdoor AC RBS 6102,Yes,Retrofit to York,No,Macro,Macro to ERS,Radio 4480,Macro,Yes,Beacon 1 to Beacon 3 Upgrades Small 20W 3 Outdoor Outdoor AC RBS 6102 Yes Retrofit to York No Macro Macro to ERS Radio 4480 Macro Yes,B1 to B3 Upgrade - Outdoor 20W L18 Small SF Retrofit - 3 Sector (York),
40,B1 to B3 Upgrade - Indoor 20W Stealth - 3 Sector,Beacon 1 to Beacon 3 Upgrades,Stealth,20W,3,Indoor,Indoor DC RBS 6201,Yes,No,No,Macro,Macro to Macro,RUS 01,Macro,Yes,Beacon 1 to Beacon 3 Upgrades Stealth 20W 3 Indoor Indoor DC RBS 6201 Yes No No Macro Macro to Macro RUS 01 Macro Yes,B1 to B3 Upgrade - Indoor 20W Stealth - 3 Sector,
40,B1 to B3 Upgrade - Outdoor 20W Stealth - 3 Sector,Beacon 1 to Beacon 3 Upgrades,Stealth,20W,3,Outdoor,Outdoor AC RBS 6102,Yes,No,No,Macro,Macro to Macro,RUS 01,Macro,Yes,Beacon 1 to Beacon 3 Upgrades Stealth 20W 3 Outdoor Outdoor AC RBS 6102 Yes No No Macro Macro to Macro RUS 01 Macro Yes,B1 to B3 Upgrade - Outdoor 20W Stealth - 3 Sector,
41,B1 to B3 Upgrade - Outdoor 20W Stealth - 3 Sector Option 2 Lancaster,Beacon 1 to Beacon 3 Upgrades,Stealth,20W,3,Outdoor,Outdoor AC RBS 6102,Yes,6102 to Lancaster,Yes,Macro,Macro to ERS,Radio 2217,Macro,Yes,Beacon 1 to Beacon 3 Upgrades Stealth 20W 3 Outdoor Outdoor AC RBS 6102 Yes 6102 to Lancaster Yes Macro Macro to ERS Radio 2217 Macro Yes,B1 to B3 Upgrade - Outdoor 20W Stealth - 3 Sector Option 2 Lancaster,
42,B1 to B3 Upgrade - Indoor 20W Stealth (No L18) - 3 Sector,Beacon 1 to Beacon 3 Upgrades,Stealth,20W,3,Indoor,Indoor DC RBS 6201,Yes,No,No,Macro,Macro to Macro,N/A,Macro,Yes,Beacon 1 to Beacon 3 Upgrades Stealth 20W 3 Indoor Indoor DC RBS 6201 Yes No No Macro Macro to Macro N/A Macro Yes,B1 to B3 Upgrade - Indoor 20W Stealth (No L18) - 3 Sector,
42,B1 to B3 Upgrade - Outdoor 20W Stealth (No L18) - 3 Sector,Beacon 1 to Beacon 3 Upgrades,Stealth,20W,3,Outdoor,Outdoor AC RBS 6102,Yes,No,No,Macro,Macro to Macro,N/A,Macro,Yes,Beacon 1 to Beacon 3 Upgrades Stealth 20W 3 Outdoor Outdoor AC RBS 6102 Yes No No Macro Macro to Macro N/A Macro Yes,B1 to B3 Upgrade - Outdoor 20W Stealth (No L18) - 3 Sector,
43,B1 to B3 Upgrade - Outdoor 20W Stealth (No L18) - 3 Sector Option 2 Lancaster,Beacon 1 to Beacon 3 Upgrades,Stealth,20W,3,Outdoor,Outdoor AC RBS 6102,Yes,6102 to Lancaster,Yes,Macro,Macro to ERS,N/A,Macro,Yes,Beacon 1 to Beacon 3 Upgrades Stealth 20W 3 Outdoor Outdoor AC RBS 6102 Yes 6102 to Lancaster Yes Macro Macro to ERS N/A Macro Yes,B1 to B3 Upgrade - Outdoor 20W Stealth (No L18) - 3 Sector Option 2 Lancaster,
44,B1 to B3 Upgrade - Indoor 20W Low - 3 Sector,Beacon 1 to Beacon 3 Upgrades,Low,20W,3,Indoor,Indoor DC RBS 6201,No,No,No,Macro,ERS to ERS,N/A,N/A,Yes,Beacon 1 to Beacon 3 Upgrades Low 20W 3 Indoor Indoor DC RBS 6201 No No No Macro ERS to ERS N/A N/A Yes,B1 to B3 Upgrade - Indoor 20W Low - 3 Sector,
44,B1 to B3 Upgrade - Outdoor 20W Low - 3 Sector,Beacon 1 to Beacon 3 Upgrades,Low,20W,3,Outdoor,Outdoor AC RBS 6102,No,No,No,Macro,ERS to ERS,N/A,N/A,Yes,Beacon 1 to Beacon 3 Upgrades Low 20W 3 Outdoor Outdoor AC RBS 6102 No No No Macro ERS to ERS N/A N/A Yes,B1 to B3 Upgrade - Outdoor 20W Low - 3 Sector,
45,B1 to B3 Upgrade - Indoor 20W Low - 2 Sector,Beacon 1 to Beacon 3 Upgrades,Low,20W,2,Indoor,Indoor DC RBS 6201,No,No,No,Macro,ERS to ERS,N/A,N/A,Yes,Beacon 1 to Beacon 3 Upgrades Low 20W 2 Indoor Indoor DC RBS 6201 No No No Macro ERS to ERS N/A N/A Yes,B1 to B3 Upgrade - Indoor 20W Low - 2 Sector,
45,B1 to B3 Upgrade - Outdoor 20W Low - 2 Sector,Beacon 1 to Beacon 3 Upgrades,Low,20W,2,Outdoor,Outdoor AC RBS 6102,No,No,No,Macro,ERS to ERS,N/A,N/A,Yes,Beacon 1 to Beacon 3 Upgrades Low 20W 2 Outdoor Outdoor AC RBS 6102 No No No Macro ERS to ERS N/A N/A Yes,B1 to B3 Upgrade - Outdoor 20W Low - 2 Sector,
46,B1 to B3 Upgrade - Indoor 20W Low L18 - 2 Sector,Beacon 1 to Beacon 3 Upgrades,Low,20W,2,Indoor,Indoor DC RBS 6201,No,No,No,Macro,ERS to ERS,RUS 01,N/A,Yes,Beacon 1 to Beacon 3 Upgrades Low 20W 2 Indoor Indoor DC RBS 6201 No No No Macro ERS to ERS RUS 01 N/A Yes,B1 to B3 Upgrade - Indoor 20W Low L18 - 2 Sector,
47,B1 to B3 Upgrade - Indoor 20W Low Non-RRU BB - 3 Sector,Beacon 1 to Beacon 3 Upgrades,Low,20W,3,Indoor,Indoor DC RBS 6201,No,No,No,Macro,Macro to Macro,N/A,N/A,Yes,Beacon 1 to Beacon 3 Upgrades Low 20W 3 Indoor Indoor DC RBS 6201 No No No Macro Macro to Macro N/A N/A Yes,B1 to B3 Upgrade - Indoor 20W Low Non-RRU BB - 3 Sector,1 to 2
47,B1 to B3 Upgrade - Outdoor 20W Low Non-RRU BB - 3 Sector,Beacon 1 to Beacon 3 Upgrades,Low,20W,3,Outdoor,Outdoor AC RBS 6102,No,No,No,Macro,Macro to Macro,N/A,N/A,Yes,Beacon 1 to Beacon 3 Upgrades Low 20W 3 Outdoor Outdoor AC RBS 6102 No No No Macro Macro to Macro N/A N/A Yes,B1 to B3 Upgrade - Outdoor 20W Low Non-RRU BB - 3 Sector,1 to 2
47,B1 to B3 Upgrade - Indoor 20W Low Non-RRU BB - 3 Sector to 20W Low ULNR,Beacon 1 to Beacon 3 Upgrades,Low,20W,3,Indoor,Indoor DC RBS 6201,No,No,No,Macro,Macro to ERS,N/A,N/A,No,Beacon 1 to Beacon 3 Upgrades Low 20W 3 Indoor Indoor DC RBS 6201 No No No Macro Macro to ERS N/A N/A No,B1 to B3 Upgrade - Indoor 20W Low Non-RRU BB - 3 Sector to 20W Low ULNR,2 to 3
47,B1 to B3 Upgrade - Outdoor 20W Low Non-RRU BB - 3 Sector to 20W Low ULNR,Beacon 1 to Beacon 3 Upgrades,Low,20W,3,Outdoor,Outdoor AC RBS 6102,No,No,No,Macro,Macro to ERS,N/A,N/A,No,Beacon 1 to Beacon 3 Upgrades Low 20W 3 Outdoor Outdoor AC RBS 6102 No No No Macro Macro to ERS N/A N/A No,B1 to B3 Upgrade - Outdoor 20W Low Non-RRU BB - 3 Sector to 20W Low ULNR,2 to 3
47,B1 to B3 Upgrade - Indoor 20W Low ULNR - 3 Sector,Beacon 1 to Beacon 3 Upgrades,Low,20W,3,Indoor,Indoor DC RBS 6201,No,No,No,Macro,Macro to ERS,N/A,N/A,Yes,Beacon 1 to Beacon 3 Upgrades Low 20W 3 Indoor Indoor DC RBS 6201 No No No Macro Macro to ERS N/A N/A Yes,B1 to B3 Upgrade - Indoor 20W Low ULNR - 3 Sector,1 to 3
47,B1 to B3 Upgrade - Outdoor 20W Low ULNR - 3 Sector,Beacon 1 to Beacon 3 Upgrades,Low,20W,3,Outdoor,Outdoor AC RBS 6102,No,No,No,Macro,Macro to ERS,N/A,N/A,Yes,Beacon 1 to Beacon 3 Upgrades Low 20W 3 Outdoor Outdoor AC RBS 6102 No No No Macro Macro to ERS N/A N/A Yes,B1 to B3 Upgrade - Outdoor 20W Low ULNR - 3 Sector,1 to 3
48,B1 to B3 Upgrade - Indoor 20W Low Non-RRU BB - 2 Sector,Beacon 1 to Beacon 3 Upgrades,Low,20W,2,Indoor,Indoor DC RBS 6201,No,No,No,Macro,Macro to Macro,N/A,N/A,Yes,Beacon 1 to Beacon 3 Upgrades Low 20W 2 Indoor Indoor DC RBS 6201 No No No Macro Macro to Macro N/A N/A Yes,B1 to B3 Upgrade - Indoor 20W Low Non-RRU BB - 2 Sector,1 to 2
48,B1 to B3 Upgrade - Outdoor 20W Low Non-RRU BB - 2 Sector,Beacon 1 to Beacon 3 Upgrades,Low,20W,2,Outdoor,Outdoor AC RBS 6102,No,No,No,Macro,Macro to Macro,N/A,N/A,Yes,Beacon 1 to Beacon 3 Upgrades Low 20W 2 Outdoor Outdoor AC RBS 6102 No No No Macro Macro to Macro N/A N/A Yes,B1 to B3 Upgrade - Outdoor 20W Low Non-RRU BB - 2 Sector,1 to 2
48,B1 to B3 Upgrade - Indoor 20W Low Non-RRU BB - 2 Sector to 20W Low ULNR,Beacon 1 to Beacon 3 Upgrades,Low,20W,2,Indoor,Indoor DC RBS 6201,No,No,No,Macro,Macro to ERS,N/A,N/A,No,Beacon 1 to Beacon 3 Upgrades Low 20W 2 Indoor Indoor DC RBS 6201 No No No Macro Macro to ERS N/A N/A No,B1 to B3 Upgrade - Indoor 20W Low Non-RRU BB - 2 Sector to 20W Low ULNR,2 to 3
48,B1 to B3 Upgrade - Outdoor 20W Low Non-RRU BB - 2 Sector to 20W Low ULNR,Beacon 1 to Beacon 3 Upgrades,Low,20W,2,Outdoor,Outdoor AC RBS 6102,No,No,No,Macro,Macro to ERS,N/A,N/A,No,Beacon 1 to Beacon 3 Upgrades Low 20W 2 Outdoor Outdoor AC RBS 6102 No No No Macro Macro to ERS N/A N/A No,B1 to B3 Upgrade - Outdoor 20W Low Non-RRU BB - 2 Sector to 20W Low ULNR,2 to 3
48,B1 to B3 Upgrade - Indoor 20W Low ULNR - 2 Sector,Beacon 1 to Beacon 3 Upgrades,Low,20W,2,Indoor,Indoor DC RBS 6201,No,No,No,Macro,Macro to ERS,N/A,N/A,Yes,Beacon 1 to Beacon 3 Upgrades Low 20W 2 Indoor Indoor DC RBS 6201 No No No Macro Macro to ERS N/A N/A Yes,B1 to B3 Upgrade - Indoor 20W Low ULNR - 2 Sector,1 to 3
48,B1 to B3 Upgrade - Outdoor 20W Low ULNR - 2 Sector,Beacon 1 to Beacon 3 Upgrades,Low,20W,2,Outdoor,Outdoor AC RBS 6102,No,No,No,Macro,Macro to ERS,N/A,N/A,Yes,Beacon 1 to Beacon 3 Upgrades Low 20W 2 Outdoor Outdoor AC RBS 6102 No No No Macro Macro to ERS N/A N/A Yes,B1 to B3 Upgrade - Outdoor 20W Low ULNR - 2 Sector,1 to 3
49,B1 to B3 Upgrade - Indoor 12W High - 3 Sector,Beacon 1 to Beacon 3 Upgrades,High,12W,3,Indoor,Indoor DC RBS 6201,Yes,No,No,Macro,ERS to ERS,RUS 02,Macro,Yes,Beacon 1 to Beacon 3 Upgrades High 12W 3 Indoor Indoor DC RBS 6201 Yes No No Macro ERS to ERS RUS 02 Macro Yes,B1 to B3 Upgrade - Indoor 12W High - 3 Sector,
49,B1 to B3 Upgrade - Outdoor 12W High - 3 Sector,Beacon 1 to Beacon 3 Upgrades,High,12W,3,Outdoor,Outdoor AC RBS 6102,Yes,No,No,Macro,ERS to ERS,RUS 02,Macro,Yes,Beacon 1 to Beacon 3 Upgrades High 12W 3 Outdoor Outdoor AC RBS 6102 Yes No No Macro ERS to ERS RUS 02 Macro Yes,B1 to B3 Upgrade - Outdoor 12W High - 3 Sector,
50,B1 to B3 Upgrade - Indoor 12W High - 2 Sector,Beacon 1 to Beacon 3 Upgrades,High,12W,2,Indoor,Indoor DC RBS 6201,Yes,No,No,Macro,ERS to ERS,RUS 02,Macro,Yes,Beacon 1 to Beacon 3 Upgrades High 12W 2 Indoor Indoor DC RBS 6201 Yes No No Macro ERS to ERS RUS 02 Macro Yes,B1 to B3 Upgrade - Indoor 12W High - 2 Sector,
50,B1 to B3 Upgrade - Outdoor 12W High - 2 Sector,Beacon 1 to Beacon 3 Upgrades,High,12W,2,Outdoor,Outdoor AC RBS 6102,Yes,No,No,Macro,ERS to ERS,RUS 02,Macro,Yes,Beacon 1 to Beacon 3 Upgrades High 12W 2 Outdoor Outdoor AC RBS 6102 Yes No No Macro ERS to ERS RUS 02 Macro Yes,B1 to B3 Upgrade - Outdoor 12W High - 2 Sector,
51,B1 to B3 Upgrade - Indoor 12W Medium/L18 Small - 3 Sector,Beacon 1 to Beacon 3 Upgrades,Medium,12W,3,Indoor,Indoor DC RBS 6201,Yes,No,No,Macro,ERS to ERS,RUS 01,Macro,Yes,Beacon 1 to Beacon 3 Upgrades Medium 12W 3 Indoor Indoor DC RBS 6201 Yes No No Macro ERS to ERS RUS 01 Macro Yes,B1 to B3 Upgrade - Indoor 12W Medium/L18 Small - 3 Sector,
51,B1 to B3 Upgrade - Outdoor 12W Medium/L18 Small - 3 Sector,Beacon 1 to Beacon 3 Upgrades,Medium,12W,3,Outdoor,Outdoor AC RBS 6102,Yes,No,No,Macro,ERS to ERS,RUS 01,Macro,Yes,Beacon 1 to Beacon 3 Upgrades Medium 12W 3 Outdoor Outdoor AC RBS 6102 Yes No No Macro ERS to ERS RUS 01 Macro Yes,B1 to B3 Upgrade - Outdoor 12W Medium/L18 Small - 3 Sector,
52,B1 to B3 Upgrade - Indoor 12W Medium/L18 Small - 2 Sector,Beacon 1 to Beacon 3 Upgrades,Medium,12W,2,Indoor,Indoor DC RBS 6201,Yes,No,No,Macro,ERS to ERS,RUS 01,Macro,Yes,Beacon 1 to Beacon 3 Upgrades Medium 12W 2 Indoor Indoor DC RBS 6201 Yes No No Macro ERS to ERS RUS 01 Macro Yes,B1 to B3 Upgrade - Indoor 12W Medium/L18 Small - 2 Sector,
52,B1 to B3 Upgrade - Outdoor 12W Medium/L18 Small - 2 Sector,Beacon 1 to Beacon 3 Upgrades,Medium,12W,2,Outdoor,Outdoor AC RBS 6102,Yes,No,No,Macro,ERS to ERS,RUS 01,Macro,Yes,Beacon 1 to Beacon 3 Upgrades Medium 12W 2 Outdoor Outdoor AC RBS 6102 Yes No No Macro ERS to ERS RUS 01 Macro Yes,B1 to B3 Upgrade - Outdoor 12W Medium/L18 Small - 2 Sector,
53,B1 to B3 Upgrade - Indoor 12W Small - 3 Sector,Beacon 1 to Beacon 3 Upgrades,Small,12W,3,Indoor,Indoor DC RBS 6201,Yes,No,No,Macro,ERS to ERS,N/A,Macro,Yes,Beacon 1 to Beacon 3 Upgrades Small 12W 3 Indoor Indoor DC RBS 6201 Yes No No Macro ERS to ERS N/A Macro Yes,B1 to B3 Upgrade - Indoor 12W Small - 3 Sector,
53,B1 to B3 Upgrade - Outdoor 12W Small - 3 Sector,Beacon 1 to Beacon 3 Upgrades,Small,12W,3,Outdoor,Outdoor AC RBS 6102,Yes,No,No,Macro,ERS to ERS,N/A,Macro,Yes,Beacon 1 to Beacon 3 Upgrades Small 12W 3 Outdoor Outdoor AC RBS 6102 Yes No No Macro ERS to ERS N/A Macro Yes,B1 to B3 Upgrade - Outdoor 12W Small - 3 Sector,
54,B1 to B3 Upgrade - Indoor 12W Small - 2 Sector,Beacon 1 to Beacon 3 Upgrades,Small,12W,2,Indoor,Indoor DC RBS 6201,Yes,No,No,Macro,ERS to ERS,N/A,Macro,Yes,Beacon 1 to Beacon 3 Upgrades Small 12W 2 Indoor Indoor DC RBS 6201 Yes No No Macro ERS to ERS N/A Macro Yes,B1 to B3 Upgrade - Indoor 12W Small - 2 Sector,
54,B1 to B3 Upgrade - Outdoor 12W Small - 2 Sector,Beacon 1 to Beacon 3 Upgrades,Small,12W,2,Outdoor,Outdoor AC RBS 6102,Yes,No,No,Macro,ERS to ERS,N/A,Macro,Yes,Beacon 1 to Beacon 3 Upgrades Small 12W 2 Outdoor Outdoor AC RBS 6102 Yes No No Macro ERS to ERS N/A Macro Yes,B1 to B3 Upgrade - Outdoor 12W Small - 2 Sector,
53,B1 to B3 Upgrade - Indoor 12W Small - 3 Sector + L18 2x2 4415 Option,Beacon 1 to Beacon 3 Upgrades,Small,12W,3,Indoor,Indoor DC RBS 6201,Yes,No,No,Macro,ERS to ERS,Radio 4415,Macro,Yes,Beacon 1 to Beacon 3 Upgrades Small 12W 3 Indoor Indoor DC RBS 6201 Yes No No Macro ERS to ERS Radio 4415 Macro Yes,B1 to B3 Upgrade - Indoor 12W Small - 3 Sector + L18 2x2 4415 Option,
53,B1 to B3 Upgrade - Outdoor 12W Small - 3 Sector + L18 2x2 4415 Option,Beacon 1 to Beacon 3 Upgrades,Small,12W,3,Outdoor,Outdoor AC RBS 6102,Yes,No,No,Macro,ERS to ERS,Radio 4415,Macro,Yes,Beacon 1 to Beacon 3 Upgrades Small 12W 3 Outdoor Outdoor AC RBS 6102 Yes No No Macro ERS to ERS Radio 4415 Macro Yes,B1 to B3 Upgrade - Outdoor 12W Small - 3 Sector + L18 2x2 4415 Option,
54,B1 to B3 Upgrade - Indoor 12W Small - 2 Sector + L18 2x2 4415 Option,Beacon 1 to Beacon 3 Upgrades,Small,12W,2,Indoor,Indoor DC RBS 6201,Yes,No,No,Macro,ERS to ERS,Radio 4415,Macro,Yes,Beacon 1 to Beacon 3 Upgrades Small 12W 2 Indoor Indoor DC RBS 6201 Yes No No Macro ERS to ERS Radio 4415 Macro Yes,B1 to B3 Upgrade - Indoor 12W Small - 2 Sector + L18 2x2 4415 Option,
54,B1 to B3 Upgrade - Outdoor 12W Small - 2 Sector + L18 2x2 4415 Option,Beacon 1 to Beacon 3 Upgrades,Small,12W,2,Outdoor,Outdoor AC RBS 6102,Yes,No,No,Macro,ERS to ERS,Radio 4415,Macro,Yes,Beacon 1 to Beacon 3 Upgrades Small 12W 2 Outdoor Outdoor AC RBS 6102 Yes No No Macro ERS to ERS Radio 4415 Macro Yes,B1 to B3 Upgrade - Outdoor 12W Small - 2 Sector + L18 2x2 4415 Option,
55,B1 to B3 Upgrade - Outdoor 12W Small SF - 3 Sector (York),Beacon 1 to Beacon 3 Upgrades,Small,12W,3,Outdoor,Outdoor AC RBS 6102,Yes,6102 to York,No,Macro,Macro to ERS,N/A,Macro,Yes,Beacon 1 to Beacon 3 Upgrades Small 12W 3 Outdoor Outdoor AC RBS 6102 Yes 6102 to York No Macro Macro to ERS N/A Macro Yes,B1 to B3 Upgrade - Outdoor 12W Small SF - 3 Sector (York),
56,B1 to B3 Upgrade - Outdoor 12W Small SF - 2 Sector (York),Beacon 1 to Beacon 3 Upgrades,Small,12W,2,Outdoor,Outdoor AC RBS 6102,Yes,6102 to York,No,Macro,Macro to ERS,N/A,Macro,Yes,Beacon 1 to Beacon 3 Upgrades Small 12W 2 Outdoor Outdoor AC RBS 6102 Yes 6102 to York No Macro Macro to ERS N/A Macro Yes,B1 to B3 Upgrade - Outdoor 12W Small SF - 2 Sector (York),
57,B1 to B3 Upgrade - Outdoor 12W L18 Small SF - 3 Sector (York),Beacon 1 to Beacon 3 Upgrades,Small,12W,3,Outdoor,Outdoor AC RBS 6102,Yes,6102 to York,No,Macro,Macro to ERS,Radio 4480,Macro,Yes,Beacon 1 to Beacon 3 Upgrades Small 12W 3 Outdoor Outdoor AC RBS 6102 Yes 6102 to York No Macro Macro to ERS Radio 4480 Macro Yes,B1 to B3 Upgrade - Outdoor 12W L18 Small SF - 3 Sector (York),
58,B1 to B3 Upgrade - Outdoor 12W Small SF Retrofit - 3 Sector (York),Beacon 1 to Beacon 3 Upgrades,Small,12W,3,Outdoor,Outdoor AC RBS 6102,Yes,Retrofit to York,No,Macro,Macro to ERS,N/A,Macro,Yes,Beacon 1 to Beacon 3 Upgrades Small 12W 3 Outdoor Outdoor AC RBS 6102 Yes Retrofit to York No Macro Macro to ERS N/A Macro Yes,B1 to B3 Upgrade - Outdoor 12W Small SF Retrofit - 3 Sector (York),
59,B1 to B3 Upgrade - Outdoor 12W Small SF Retrofit - 2 Sector (York),Beacon 1 to Beacon 3 Upgrades,Small,12W,2,Outdoor,Outdoor AC RBS 6102,Yes,Retrofit to York,No,Macro,Macro to ERS,N/A,Macro,Yes,Beacon 1 to Beacon 3 Upgrades Small 12W 2 Outdoor Outdoor AC RBS 6102 Yes Retrofit to York No Macro Macro to ERS N/A Macro Yes,B1 to B3 Upgrade - Outdoor 12W Small SF Retrofit - 2 Sector (York),
60,B1 to B3 Upgrade - Outdoor 12W L18 Small SF Retrofit - 3 Sector (York),Beacon 1 to Beacon 3 Upgrades,Small,12W,3,Outdoor,Outdoor AC RBS 6102,Yes,Retrofit to York,No,Macro,Macro to ERS,Radio 4480,Macro,Yes,Beacon 1 to Beacon 3 Upgrades Small 12W 3 Outdoor Outdoor AC RBS 6102 Yes Retrofit to York No Macro Macro to ERS Radio 4480 Macro Yes,B1 to B3 Upgrade - Outdoor 12W L18 Small SF Retrofit - 3 Sector (York),
61,B1 to B3 Upgrade - Indoor 12W Low - 3 Sector,Beacon 1 to Beacon 3 Upgrades,Low,12W,3,Indoor,Indoor DC RBS 6201,No,No,No,Macro,ERS to ERS,N/A,N/A,Yes,Beacon 1 to Beacon 3 Upgrades Low 12W 3 Indoor Indoor DC RBS 6201 No No No Macro ERS to ERS N/A N/A Yes,B1 to B3 Upgrade - Indoor 12W Low - 3 Sector,
61,B1 to B3 Upgrade - Outdoor 12W Low - 3 Sector,Beacon 1 to Beacon 3 Upgrades,Low,12W,3,Outdoor,Outdoor AC RBS 6102,No,No,No,Macro,ERS to ERS,N/A,N/A,Yes,Beacon 1 to Beacon 3 Upgrades Low 12W 3 Outdoor Outdoor AC RBS 6102 No No No Macro ERS to ERS N/A N/A Yes,B1 to B3 Upgrade - Outdoor 12W Low - 3 Sector,
62,B1 to B3 Upgrade - Indoor 12W Low - 2 Sector,Beacon 1 to Beacon 3 Upgrades,Low,12W,2,Indoor,Indoor DC RBS 6201,No,No,No,Macro,ERS to ERS,N/A,N/A,No,Beacon 1 to Beacon 3 Upgrades Low 12W 2 Indoor Indoor DC RBS 6201 No No No Macro ERS to ERS N/A N/A No,B1 to B3 Upgrade - Indoor 12W Low - 2 Sector,
62,B1 to B3 Upgrade - Outdoor 12W Low - 2 Sector,Beacon 1 to Beacon 3 Upgrades,Low,12W,2,Outdoor,Outdoor AC RBS 6102,No,No,No,Macro,ERS to ERS,N/A,N/A,No,Beacon 1 to Beacon 3 Upgrades Low 12W 2 Outdoor Outdoor AC RBS 6102 No No No Macro ERS to ERS N/A N/A No,B1 to B3 Upgrade - Outdoor 12W Low - 2 Sector,
63,B1 to B3 Upgrade - Outdoor 20W L2100 RUS UU21 - 3 Sector,Beacon 1 to Beacon 3 Upgrades,UU21,N/A,3,Outdoor,Outdoor AC RBS 6102,No,No,No,N/A,N/A,N/A,Macro,No,Beacon 1 to Beacon 3 Upgrades UU21 N/A 3 Outdoor Outdoor AC RBS 6102 No No No N/A N/A N/A Macro No,B1 to B3 Upgrade - Outdoor 20W L2100 RUS UU21 - 3 Sector,
64,B1 to B3 Upgrade - Outdoor 20W L2100 RUS UU21 SF - 3 Sector,Beacon 1 to Beacon 3 Upgrades,UU21,N/A,3,Outdoor,DC RBS6202,No,No,No,N/A,N/A,N/A,Macro,No,Beacon 1 to Beacon 3 Upgrades UU21 N/A 3 Outdoor DC RBS6202 No No No N/A N/A N/A Macro No,B1 to B3 Upgrade - Outdoor 20W L2100 RUS UU21 SF - 3 Sector,
67,B1 to B3 Upgrade - Outdoor 20W RBSERS Small SF - 3 Sector (York),Beacon 1 to Beacon 3 Upgrades,Small,20W,3,Outdoor,Outdoor York/Shire,Yes,6102 to York,No,ERS,Macro to ERS,N/A,Macro,Yes,Beacon 1 to Beacon 3 Upgrades Small 20W 3 Outdoor Outdoor York/Shire Yes 6102 to York No ERS Macro to ERS N/A Macro Yes,B1 to B3 Upgrade - Outdoor 20W RBSERS Small SF - 3 Sector (York),
67,B1 to B3 Upgrade - Outdoor 20W RBSERS L18 Small SF - 3 Sector (York),Beacon 1 to Beacon 3 Upgrades,Small,20W,3,Outdoor,Outdoor York/Shire,Yes,6102 to York,No,ERS,Macro to ERS,Radio 4480,Macro,Yes,Beacon 1 to Beacon 3 Upgrades Small 20W 3 Outdoor Outdoor York/Shire Yes 6102 to York No ERS Macro to ERS Radio 4480 Macro Yes,B1 to B3 Upgrade - Outdoor 20W RBSERS L18 Small SF - 3 Sector (York),
Beacon 2 to Beacon 3 Upgrades,,,,,,,,,,,,,,,,,,
19,B2 to B3 Upgrade - Indoor 20W High - 3 Sector,Beacon 2 to Beacon 3 Upgrades,High,20W,3,Indoor,Indoor DC RBS 6201,Yes,No,No,Macro,ERS to ERS,RUS 02,ERS,No,Beacon 2 to Beacon 3 Upgrades High 20W 3 Indoor Indoor DC RBS 6201 Yes No No Macro ERS to ERS RUS 02 ERS No,B2 to B3 Upgrade - Indoor 20W High - 3 Sector,
19,B2 to B3 Upgrade - Outdoor 20W High - 3 Sector,Beacon 2 to Beacon 3 Upgrades,High,20W,3,Outdoor,Outdoor AC RBS 6102,Yes,No,No,Macro,ERS to ERS,RUS 02,ERS,No,Beacon 2 to Beacon 3 Upgrades High 20W 3 Outdoor Outdoor AC RBS 6102 Yes No No Macro ERS to ERS RUS 02 ERS No,B2 to B3 Upgrade - Outdoor 20W High - 3 Sector,
22,B2 to B3 Upgrade - Indoor 20W High - 2 Sector,Beacon 2 to Beacon 3 Upgrades,High,20W,2,Indoor,Indoor DC RBS 6201,Yes,No,No,Macro,ERS to ERS,RUS 02,ERS,No,Beacon 2 to Beacon 3 Upgrades High 20W 2 Indoor Indoor DC RBS 6201 Yes No No Macro ERS to ERS RUS 02 ERS No,B2 to B3 Upgrade - Indoor 20W High - 2 Sector,
22,B2 to B3 Upgrade - Outdoor 20W High - 2 Sector,Beacon 2 to Beacon 3 Upgrades,High,20W,2,Outdoor,Outdoor AC RBS 6102,Yes,No,No,Macro,ERS to ERS,RUS 02,ERS,No,Beacon 2 to Beacon 3 Upgrades High 20W 2 Outdoor Outdoor AC RBS 6102 Yes No No Macro ERS to ERS RUS 02 ERS No,B2 to B3 Upgrade - Outdoor 20W High - 2 Sector,
23,B2 to B3 Upgrade - Indoor 20W Medium - 3 Sector,Beacon 2 to Beacon 3 Upgrades,Medium,20W,3,Indoor,Indoor DC RBS 6201,Yes,No,No,Macro,ERS to ERS,RUS 01,ERS,No,Beacon 2 to Beacon 3 Upgrades Medium 20W 3 Indoor Indoor DC RBS 6201 Yes No No Macro ERS to ERS RUS 01 ERS No,B2 to B3 Upgrade - Indoor 20W Medium - 3 Sector,
23,B2 to B3 Upgrade - Outdoor 20W Medium - 3 Sector,Beacon 2 to Beacon 3 Upgrades,Medium,20W,3,Outdoor,Outdoor AC RBS 6102,Yes,No,No,Macro,ERS to ERS,RUS 01,ERS,No,Beacon 2 to Beacon 3 Upgrades Medium 20W 3 Outdoor Outdoor AC RBS 6102 Yes No No Macro ERS to ERS RUS 01 ERS No,B2 to B3 Upgrade - Outdoor 20W Medium - 3 Sector,
24,B2 to B3 Upgrade - Indoor 20W Medium - 2 Sector,Beacon 2 to Beacon 3 Upgrades,Medium,20W,2,Indoor,Indoor DC RBS 6201,Yes,No,No,Macro,ERS to ERS,RUS 01,ERS,No,Beacon 2 to Beacon 3 Upgrades Medium 20W 2 Indoor Indoor DC RBS 6201 Yes No No Macro ERS to ERS RUS 01 ERS No,B2 to B3 Upgrade - Indoor 20W Medium - 2 Sector,
24,B2 to B3 Upgrade - Outdoor 20W Medium - 2 Sector,Beacon 2 to Beacon 3 Upgrades,Medium,20W,2,Outdoor,Outdoor AC RBS 6102,Yes,No,No,Macro,ERS to ERS,RUS 01,ERS,No,Beacon 2 to Beacon 3 Upgrades Medium 20W 2 Outdoor Outdoor AC RBS 6102 Yes No No Macro ERS to ERS RUS 01 ERS No,B2 to B3 Upgrade - Outdoor 20W Medium - 2 Sector,
25,B2 to B3 Upgrade - Indoor 20W Network Rail - 3 Sector,Beacon 2 to Beacon 3 Upgrades,Network Rail,20W,3,Indoor,Indoor DC RBS 6201,Yes,No,No,Macro,ERS to ERS,RUS 01,ERS,No,Beacon 2 to Beacon 3 Upgrades Network Rail 20W 3 Indoor Indoor DC RBS 6201 Yes No No Macro ERS to ERS RUS 01 ERS No,B2 to B3 Upgrade - Indoor 20W Network Rail - 3 Sector,
25,B2 to B3 Upgrade - Outdoor 20W Network Rail - 3 Sector,Beacon 2 to Beacon 3 Upgrades,Network Rail,20W,3,Outdoor,Outdoor AC RBS 6102,Yes,No,No,Macro,ERS to ERS,RUS 01,ERS,No,Beacon 2 to Beacon 3 Upgrades Network Rail 20W 3 Outdoor Outdoor AC RBS 6102 Yes No No Macro ERS to ERS RUS 01 ERS No,B2 to B3 Upgrade - Outdoor 20W Network Rail - 3 Sector,
28,B2 to B3 Upgrade - Indoor 20W Network Rail (No-L18) - 3 Sector,Beacon 2 to Beacon 3 Upgrades,Network Rail,20W,3,Indoor,Indoor DC RBS 6201,Yes,No,No,Macro,ERS to ERS,N/A,ERS,No,Beacon 2 to Beacon 3 Upgrades Network Rail 20W 3 Indoor Indoor DC RBS 6201 Yes No No Macro ERS to ERS N/A ERS No,B2 to B3 Upgrade - Indoor 20W Network Rail (No-L18) - 3 Sector,
28,B2 to B3 Upgrade - Outdoor 20W Network Rail (No-L18) - 3 Sector,Beacon 2 to Beacon 3 Upgrades,Network Rail,20W,3,Outdoor,Outdoor AC RBS 6102,Yes,No,No,Macro,ERS to ERS,N/A,ERS,No,Beacon 2 to Beacon 3 Upgrades Network Rail 20W 3 Outdoor Outdoor AC RBS 6102 Yes No No Macro ERS to ERS N/A ERS No,B2 to B3 Upgrade - Outdoor 20W Network Rail (No-L18) - 3 Sector,
29,B2 to B3 Upgrade - Indoor 20W Network Rail - 2 Sector,Beacon 2 to Beacon 3 Upgrades,Network Rail,20W,2,Indoor,Indoor DC RBS 6201,Yes,No,No,Macro,ERS to ERS,RUS 01,ERS,No,Beacon 2 to Beacon 3 Upgrades Network Rail 20W 2 Indoor Indoor DC RBS 6201 Yes No No Macro ERS to ERS RUS 01 ERS No,B2 to B3 Upgrade - Indoor 20W Network Rail - 2 Sector,
29,B2 to B3 Upgrade - Outdoor 20W Network Rail - 2 Sector,Beacon 2 to Beacon 3 Upgrades,Network Rail,20W,2,Outdoor,Outdoor AC RBS 6102,Yes,No,No,Macro,ERS to ERS,RUS 01,ERS,No,Beacon 2 to Beacon 3 Upgrades Network Rail 20W 2 Outdoor Outdoor AC RBS 6102 Yes No No Macro ERS to ERS RUS 01 ERS No,B2 to B3 Upgrade - Outdoor 20W Network Rail - 2 Sector,
30,B2 to B3 Upgrade - Indoor 20W Network Rail (No-L18) - 2 Sector,Beacon 2 to Beacon 3 Upgrades,Network Rail,20W,2,Indoor,Indoor DC RBS 6201,Yes,No,No,Macro,ERS to ERS,N/A,ERS,No,Beacon 2 to Beacon 3 Upgrades Network Rail 20W 2 Indoor Indoor DC RBS 6201 Yes No No Macro ERS to ERS N/A ERS No,B2 to B3 Upgrade - Indoor 20W Network Rail (No-L18) - 2 Sector,
30,B2 to B3 Upgrade - Outdoor 20W Network Rail (No-L18) - 2 Sector,Beacon 2 to Beacon 3 Upgrades,Network Rail,20W,2,Outdoor,Outdoor AC RBS 6102,Yes,No,No,Macro,ERS to ERS,N/A,ERS,No,Beacon 2 to Beacon 3 Upgrades Network Rail 20W 2 Outdoor Outdoor AC RBS 6102 Yes No No Macro ERS to ERS N/A ERS No,B2 to B3 Upgrade - Outdoor 20W Network Rail (No-L18) - 2 Sector,
31,B2 to B3 Upgrade - Indoor 20W L18 Small - 3 Sector,Beacon 2 to Beacon 3 Upgrades,Small,20W,3,Indoor,Indoor DC RBS 6201,Yes,No,No,Macro,ERS to ERS,RUS 01,ERS,No,Beacon 2 to Beacon 3 Upgrades Small 20W 3 Indoor Indoor DC RBS 6201 Yes No No Macro ERS to ERS RUS 01 ERS No,B2 to B3 Upgrade - Indoor 20W L18 Small - 3 Sector,
31,B2 to B3 Upgrade - Outdoor 20W L18 Small - 3 Sector,Beacon 2 to Beacon 3 Upgrades,Small,20W,3,Outdoor,Outdoor AC RBS 6102,Yes,No,No,Macro,ERS to ERS,RUS 01,ERS,No,Beacon 2 to Beacon 3 Upgrades Small 20W 3 Outdoor Outdoor AC RBS 6102 Yes No No Macro ERS to ERS RUS 01 ERS No,B2 to B3 Upgrade - Outdoor 20W L18 Small - 3 Sector,
32,B2 to B3 Upgrade - Indoor 20W L18 Small - 2 Sector,Beacon 2 to Beacon 3 Upgrades,Small,20W,2,Indoor,Indoor DC RBS 6201,Yes,No,No,Macro,ERS to ERS,RUS 01,ERS,No,Beacon 2 to Beacon 3 Upgrades Small 20W 2 Indoor Indoor DC RBS 6201 Yes No No Macro ERS to ERS RUS 01 ERS No,B2 to B3 Upgrade - Indoor 20W L18 Small - 2 Sector,
32,B2 to B3 Upgrade - Outdoor 20W L18 Small - 2 Sector,Beacon 2 to Beacon 3 Upgrades,Small,20W,2,Outdoor,Outdoor AC RBS 6102,Yes,No,No,Macro,ERS to ERS,RUS 01,ERS,No,Beacon 2 to Beacon 3 Upgrades Small 20W 2 Outdoor Outdoor AC RBS 6102 Yes No No Macro ERS to ERS RUS 01 ERS No,B2 to B3 Upgrade - Outdoor 20W L18 Small - 2 Sector,
33,B2 to B3 Upgrade - Indoor 20W Small - 3 Sector,Beacon 2 to Beacon 3 Upgrades,Small,20W,3,Indoor,Indoor DC RBS 6201,Yes,No,No,Macro,ERS to ERS,N/A,ERS,No,Beacon 2 to Beacon 3 Upgrades Small 20W 3 Indoor Indoor DC RBS 6201 Yes No No Macro ERS to ERS N/A ERS No,B2 to B3 Upgrade - Indoor 20W Small - 3 Sector,
33,B2 to B3 Upgrade - Outdoor 20W Small - 3 Sector,Beacon 2 to Beacon 3 Upgrades,Small,20W,3,Outdoor,Outdoor AC RBS 6102,Yes,No,No,Macro,ERS to ERS,N/A,ERS,No,Beacon 2 to Beacon 3 Upgrades Small 20W 3 Outdoor Outdoor AC RBS 6102 Yes No No Macro ERS to ERS N/A ERS No,B2 to B3 Upgrade - Outdoor 20W Small - 3 Sector,
34,B2 to B3 Upgrade - Indoor 20W Small - 2 Sector,Beacon 2 to Beacon 3 Upgrades,Small,20W,2,Indoor,Indoor DC RBS 6201,Yes,No,No,Macro,ERS to ERS,N/A,ERS,No,Beacon 2 to Beacon 3 Upgrades Small 20W 2 Indoor Indoor DC RBS 6201 Yes No No Macro ERS to ERS N/A ERS No,B2 to B3 Upgrade - Indoor 20W Small - 2 Sector,
34,B2 to B3 Upgrade - Outdoor 20W Small - 2 Sector,Beacon 2 to Beacon 3 Upgrades,Small,20W,2,Outdoor,Outdoor AC RBS 6102,Yes,No,No,Macro,ERS to ERS,N/A,ERS,No,Beacon 2 to Beacon 3 Upgrades Small 20W 2 Outdoor Outdoor AC RBS 6102 Yes No No Macro ERS to ERS N/A ERS No,B2 to B3 Upgrade - Outdoor 20W Small - 2 Sector,
33,B2 to B3 Upgrade - Indoor 20W Small - 3 Sector + L18 2x2 4415 Option,Beacon 2 to Beacon 3 Upgrades,Small,20W,3,Indoor,Indoor DC RBS 6201,Yes,No,No,Macro,ERS to ERS,Radio 4415,ERS,No,Beacon 2 to Beacon 3 Upgrades Small 20W 3 Indoor Indoor DC RBS 6201 Yes No No Macro ERS to ERS Radio 4415 ERS No,B2 to B3 Upgrade - Indoor 20W Small - 3 Sector + L18 2x2 4415 Option,
33,B2 to B3 Upgrade - Outdoor 20W Small - 3 Sector + L18 2x2 4415 Option,Beacon 2 to Beacon 3 Upgrades,Small,20W,3,Outdoor,Outdoor AC RBS 6102,Yes,No,No,Macro,ERS to ERS,Radio 4415,ERS,No,Beacon 2 to Beacon 3 Upgrades Small 20W 3 Outdoor Outdoor AC RBS 6102 Yes No No Macro ERS to ERS Radio 4415 ERS No,B2 to B3 Upgrade - Outdoor 20W Small - 3 Sector + L18 2x2 4415 Option,
34,B2 to B3 Upgrade - Indoor 20W Small - 2 Sector + L18 2x2 4415 Option,Beacon 2 to Beacon 3 Upgrades,Small,20W,2,Indoor,Indoor DC RBS 6201,Yes,No,No,Macro,ERS to ERS,Radio 4415,ERS,No,Beacon 2 to Beacon 3 Upgrades Small 20W 2 Indoor Indoor DC RBS 6201 Yes No No Macro ERS to ERS Radio 4415 ERS No,B2 to B3 Upgrade - Indoor 20W Small - 2 Sector + L18 2x2 4415 Option,
34,B2 to B3 Upgrade - Outdoor 20W Small - 2 Sector + L18 2x2 4415 Option,Beacon 2 to Beacon 3 Upgrades,Small,20W,2,Outdoor,Outdoor AC RBS 6102,Yes,No,No,Macro,ERS to ERS,Radio 4415,ERS,No,Beacon 2 to Beacon 3 Upgrades Small 20W 2 Outdoor Outdoor AC RBS 6102 Yes No No Macro ERS to ERS Radio 4415 ERS No,B2 to B3 Upgrade - Outdoor 20W Small - 2 Sector + L18 2x2 4415 Option,
35,B2 to B3 Upgrade - Outdoor 20W Small SF - 3 Sector (York),Beacon 2 to Beacon 3 Upgrades,Small,20W,3,Outdoor,Outdoor AC RBS 6102,Yes,6102 to York,No,Macro,Macro to ERS,N/A,ERS,No,Beacon 2 to Beacon 3 Upgrades Small 20W 3 Outdoor Outdoor AC RBS 6102 Yes 6102 to York No Macro Macro to ERS N/A ERS No,B2 to B3 Upgrade - Outdoor 20W Small SF - 3 Sector (York),
36,B2 to B3 Upgrade - Outdoor 20W Small SF - 2 Sector (York),Beacon 2 to Beacon 3 Upgrades,Small,20W,2,Outdoor,Outdoor AC RBS 6102,Yes,Retrofit to York,No,Macro,Macro to ERS,N/A,ERS,No,Beacon 2 to Beacon 3 Upgrades Small 20W 2 Outdoor Outdoor AC RBS 6102 Yes Retrofit to York No Macro Macro to ERS N/A ERS No,B2 to B3 Upgrade - Outdoor 20W Small SF - 2 Sector (York),
37,B2 to B3 Upgrade - Outdoor 20W Small SF - 3 Sector (Lancaster),Beacon 2 to Beacon 3 Upgrades,Small,20W,3,Outdoor,Outdoor AC RBS 6102,Yes,Lancaster to Lancaster,Yes,Macro,ERS to ERS,N/A,ERS,No,Beacon 2 to Beacon 3 Upgrades Small 20W 3 Outdoor Outdoor AC RBS 6102 Yes Lancaster to Lancaster Yes Macro ERS to ERS N/A ERS No,B2 to B3 Upgrade - Outdoor 20W Small SF - 3 Sector (Lancaster),
38,B2 to B3 Upgrade - Outdoor 20W Small SF - 3 Sector (Lancaster to York),Beacon 2 to Beacon 3 Upgrades,Small,20W,3,Outdoor,Outdoor AC RBS 6102,Yes,Lancaster to York,No,Macro,ERS to ERS,N/A,ERS,No,Beacon 2 to Beacon 3 Upgrades Small 20W 3 Outdoor Outdoor AC RBS 6102 Yes Lancaster to York No Macro ERS to ERS N/A ERS No,B2 to B3 Upgrade - Outdoor 20W Small SF - 3 Sector (Lancaster to York),
39,B2 to B3 Upgrade - Outdoor 20W Small SF - 2 Sector (Lancaster),Beacon 2 to Beacon 3 Upgrades,Small,20W,2,Outdoor,Outdoor AC RBS 6102,Yes,Lancaster to Lancaster,Yes,Macro,ERS to ERS,N/A,ERS,No,Beacon 2 to Beacon 3 Upgrades Small 20W 2 Outdoor Outdoor AC RBS 6102 Yes Lancaster to Lancaster Yes Macro ERS to ERS N/A ERS No,B2 to B3 Upgrade - Outdoor 20W Small SF - 2 Sector (Lancaster),
40,B2 to B3 Upgrade - Outdoor 20W Small SF - 2 Sector (Lancaster to York),Beacon 2 to Beacon 3 Upgrades,Small,20W,2,Outdoor,Outdoor AC RBS 6102,Yes,Lancaster to York,No,Macro,ERS to ERS,N/A,ERS,No,Beacon 2 to Beacon 3 Upgrades Small 20W 2 Outdoor Outdoor AC RBS 6102 Yes Lancaster to York No Macro ERS to ERS N/A ERS No,B2 to B3 Upgrade - Outdoor 20W Small SF - 2 Sector (Lancaster to York),
41,B2 to B3 Upgrade - Outdoor 20W L18 Small SF - 3 Sector (York),Beacon 2 to Beacon 3 Upgrades,Small,20W,3,Outdoor,Outdoor AC RBS 6102,Yes,6102 to York,No,Macro,Macro to ERS,Radio 4480,Macro,No,Beacon 2 to Beacon 3 Upgrades Small 20W 3 Outdoor Outdoor AC RBS 6102 Yes 6102 to York No Macro Macro to ERS Radio 4480 Macro No,B2 to B3 Upgrade - Outdoor 20W L18 Small SF - 3 Sector (York),
42,B2 to B3 Upgrade - Outdoor 20W L18 Small SF - 2 Sector (York),Beacon 2 to Beacon 3 Upgrades,Small,20W,2,Outdoor,Outdoor AC RBS 6102,Yes,6102 to York,No,Macro,Macro to ERS,Radio 4480,Macro,No,Beacon 2 to Beacon 3 Upgrades Small 20W 2 Outdoor Outdoor AC RBS 6102 Yes 6102 to York No Macro Macro to ERS Radio 4480 Macro No,B2 to B3 Upgrade - Outdoor 20W L18 Small SF - 2 Sector (York),
43,B2 to B3 Upgrade - Outdoor 20W L18 Small SF - 3 Sector (Lancaster),Beacon 2 to Beacon 3 Upgrades,Small,20W,3,Outdoor,Outdoor AC RBS 6102,Yes,Lancaster to Lancaster,Yes,Macro,ERS to ERS,Radio 2217,ERS,No,Beacon 2 to Beacon 3 Upgrades Small 20W 3 Outdoor Outdoor AC RBS 6102 Yes Lancaster to Lancaster Yes Macro ERS to ERS Radio 2217 ERS No,B2 to B3 Upgrade - Outdoor 20W L18 Small SF - 3 Sector (Lancaster),
44,B2 to B3 Upgrade - Outdoor 20W L18 Small SF - 3 Sector (Lancaster to York),Beacon 2 to Beacon 3 Upgrades,Small,20W,3,Outdoor,Outdoor AC RBS 6102,Yes,Lancaster to York,No,Macro,ERS to ERS,Radio 4480,ERS,No,Beacon 2 to Beacon 3 Upgrades Small 20W 3 Outdoor Outdoor AC RBS 6102 Yes Lancaster to York No Macro ERS to ERS Radio 4480 ERS No,B2 to B3 Upgrade - Outdoor 20W L18 Small SF - 3 Sector (Lancaster to York),
45,B2 to B3 Upgrade - Outdoor 20W Small SF Single 6102 - 3 Sector,Beacon 2 to Beacon 3 Upgrades,Small,20W,3,Outdoor,Outdoor AC RBS 6102,No,No,No,Macro,ERS to ERS,N/A,ERS,No,Beacon 2 to Beacon 3 Upgrades Small 20W 3 Outdoor Outdoor AC RBS 6102 No No No Macro ERS to ERS N/A ERS No,B2 to B3 Upgrade - Outdoor 20W Small SF Single 6102 - 3 Sector,
46,B2 to B3 Upgrade - Outdoor 20W Small SF Single 6102 - 2 Sector,Beacon 2 to Beacon 3 Upgrades,Small,20W,2,Outdoor,Outdoor AC RBS 6102,No,No,No,Macro,ERS to ERS,N/A,ERS,No,Beacon 2 to Beacon 3 Upgrades Small 20W 2 Outdoor Outdoor AC RBS 6102 No No No Macro ERS to ERS N/A ERS No,B2 to B3 Upgrade - Outdoor 20W Small SF Single 6102 - 2 Sector,
47,B2 to B3 Upgrade - Outdoor 20W L18 Small SF Single 6102 - 3 Sector,Beacon 2 to Beacon 3 Upgrades,Small,20W,3,Outdoor,Outdoor AC RBS 6102,No,No,No,Macro,ERS to ERS,Radio 2217,ERS,No,Beacon 2 to Beacon 3 Upgrades Small 20W 3 Outdoor Outdoor AC RBS 6102 No No No Macro ERS to ERS Radio 2217 ERS No,B2 to B3 Upgrade - Outdoor 20W L18 Small SF Single 6102 - 3 Sector,
48,B2 to B3 Upgrade - Indoor 20W Stealth - 3 Sector,Beacon 2 to Beacon 3 Upgrades,Stealth,20W,3,Indoor,Indoor DC RBS 6201,Yes,No,No,Macro,Macro to Macro,RUS 01,ERS,No,Beacon 2 to Beacon 3 Upgrades Stealth 20W 3 Indoor Indoor DC RBS 6201 Yes No No Macro Macro to Macro RUS 01 ERS No,B2 to B3 Upgrade - Indoor 20W Stealth - 3 Sector,
48,B2 to B3 Upgrade - Outdoor 20W Stealth - 3 Sector,Beacon 2 to Beacon 3 Upgrades,Stealth,20W,3,Outdoor,Outdoor AC RBS 6102,Yes,No,No,Macro,Macro to Macro,RUS 01,ERS,No,Beacon 2 to Beacon 3 Upgrades Stealth 20W 3 Outdoor Outdoor AC RBS 6102 Yes No No Macro Macro to Macro RUS 01 ERS No,B2 to B3 Upgrade - Outdoor 20W Stealth - 3 Sector,
49,B2 to B3 Upgrade - Outdoor 20W Stealth - 3 Sector Option 2 Lancaster,Beacon 2 to Beacon 3 Upgrades,Stealth,20W,3,Outdoor,Outdoor AC RBS 6102,Yes,Lancaster to Lancaster,Yes,Macro,ERS to ERS,Radio 2217,ERS,No,Beacon 2 to Beacon 3 Upgrades Stealth 20W 3 Outdoor Outdoor AC RBS 6102 Yes Lancaster to Lancaster Yes Macro ERS to ERS Radio 2217 ERS No,B2 to B3 Upgrade - Outdoor 20W Stealth - 3 Sector Option 2 Lancaster,
50,B2 to B3 Upgrade - Indoor 20W Stealth (No L18) - 3 Sector,Beacon 2 to Beacon 3 Upgrades,Stealth,20W,3,Indoor,Indoor DC RBS 6201,Yes,No,No,Macro,Macro to Macro,N/A,ERS,No,Beacon 2 to Beacon 3 Upgrades Stealth 20W 3 Indoor Indoor DC RBS 6201 Yes No No Macro Macro to Macro N/A ERS No,B2 to B3 Upgrade - Indoor 20W Stealth (No L18) - 3 Sector,
50,B2 to B3 Upgrade - Outdoor 20W Stealth (No L18) - 3 Sector,Beacon 2 to Beacon 3 Upgrades,Stealth,20W,3,Outdoor,Outdoor AC RBS 6102,Yes,No,No,Macro,Macro to Macro,N/A,ERS,No,Beacon 2 to Beacon 3 Upgrades Stealth 20W 3 Outdoor Outdoor AC RBS 6102 Yes No No Macro Macro to Macro N/A ERS No,B2 to B3 Upgrade - Outdoor 20W Stealth (No L18) - 3 Sector,
51,B2 to B3 Upgrade - Outdoor 20W Stealth (No L18) - 3 Sector Option 2 Lancaster,Beacon 2 to Beacon 3 Upgrades,Stealth,20W,3,Outdoor,Outdoor AC RBS 6102,Yes,Lancaster to Lancaster,Yes,Macro,ERS to ERS,N/A,ERS,No,Beacon 2 to Beacon 3 Upgrades Stealth 20W 3 Outdoor Outdoor AC RBS 6102 Yes Lancaster to Lancaster Yes Macro ERS to ERS N/A ERS No,B2 to B3 Upgrade - Outdoor 20W Stealth (No L18) - 3 Sector Option 2 Lancaster,
52,B2 to B3 Upgrade - Outdoor 20W Small SF ULNR - 3 Sector,Beacon 2 to Beacon 3 Upgrades,Small,20W,3,Outdoor,Outdoor AC RBS 6102,Yes,Lancaster to Lancaster,No,Macro,ERS to ERS,N/A,ERS,No,Beacon 2 to Beacon 3 Upgrades Small 20W 3 Outdoor Outdoor AC RBS 6102 Yes Lancaster to Lancaster No Macro ERS to ERS N/A ERS No,B2 to B3 Upgrade - Outdoor 20W Small SF ULNR - 3 Sector,
53,B2 to B3 Upgrade - Outdoor 20W Small SF UU21 - 3 Sector,Beacon 2 to Beacon 3 Upgrades,Small,20W,3,Outdoor,Outdoor AC RBS 6102,Yes,Lancaster to Lancaster,No,ERS,ERS to ERS,N/A,ERS,No,Beacon 2 to Beacon 3 Upgrades Small 20W 3 Outdoor Outdoor AC RBS 6102 Yes Lancaster to Lancaster No ERS ERS to ERS N/A ERS No,B2 to B3 Upgrade - Outdoor 20W Small SF UU21 - 3 Sector,
54,B2 to B3 Upgrade - Outdoor 20W Stealth SF UU21 - 3 Sector,Beacon 2 to Beacon 3 Upgrades,Stealth,20W,3,Outdoor,Outdoor AC RBS 6102,No,No,No,ERS,ERS to ERS,Radio 2217,ERS,No,Beacon 2 to Beacon 3 Upgrades Stealth 20W 3 Outdoor Outdoor AC RBS 6102 No No No ERS ERS to ERS Radio 2217 ERS No,B2 to B3 Upgrade - Outdoor 20W Stealth SF UU21 - 3 Sector,
55,B2 to B3 Upgrade - Indoor 20W Low - 3 Sector,Beacon 2 to Beacon 3 Upgrades,Low,20W,3,Indoor,Indoor DC RBS 6201,No,No,No,Macro,ERS to ERS,N/A,N/A,Yes,Beacon 2 to Beacon 3 Upgrades Low 20W 3 Indoor Indoor DC RBS 6201 No No No Macro ERS to ERS N/A N/A Yes,B2 to B3 Upgrade - Indoor 20W Low - 3 Sector,
55,B2 to B3 Upgrade - Outdoor 20W Low - 3 Sector,Beacon 2 to Beacon 3 Upgrades,Low,20W,3,Outdoor,Outdoor AC RBS 6102,No,No,No,Macro,ERS to ERS,N/A,N/A,Yes,Beacon 2 to Beacon 3 Upgrades Low 20W 3 Outdoor Outdoor AC RBS 6102 No No No Macro ERS to ERS N/A N/A Yes,B2 to B3 Upgrade - Outdoor 20W Low - 3 Sector,
56,B2 to B3 Upgrade - Indoor 20W Low - 2 Sector,Beacon 2 to Beacon 3 Upgrades,Low,20W,2,Indoor,Indoor DC RBS 6201,No,No,No,Macro,ERS to ERS,N/A,N/A,Yes,Beacon 2 to Beacon 3 Upgrades Low 20W 2 Indoor Indoor DC RBS 6201 No No No Macro ERS to ERS N/A N/A Yes,B2 to B3 Upgrade - Indoor 20W Low - 2 Sector,
56,B2 to B3 Upgrade - Outdoor 20W Low - 2 Sector,Beacon 2 to Beacon 3 Upgrades,Low,20W,2,Outdoor,Outdoor AC RBS 6102,No,No,No,Macro,ERS to ERS,N/A,N/A,Yes,Beacon 2 to Beacon 3 Upgrades Low 20W 2 Outdoor Outdoor AC RBS 6102 No No No Macro ERS to ERS N/A N/A Yes,B2 to B3 Upgrade - Outdoor 20W Low - 2 Sector,
57,B2 to B3 Upgrade - Indoor 20W Low L18 - 2 Sector,Beacon 2 to Beacon 3 Upgrades,Low,20W,2,Indoor,Indoor DC RBS 6201,No,No,No,Macro,ERS to ERS,RUS 01,N/A,Yes,Beacon 2 to Beacon 3 Upgrades Low 20W 2 Indoor Indoor DC RBS 6201 No No No Macro ERS to ERS RUS 01 N/A Yes,B2 to B3 Upgrade - Indoor 20W Low L18 - 2 Sector,
57,B2 to B3 Upgrade - Outdoor 20W Low L18 - 2 Sector,Beacon 2 to Beacon 3 Upgrades,Low,20W,2,Outdoor,Outdoor AC RBS 6102,No,No,No,Macro,ERS to ERS,RUS 01,N/A,Yes,Beacon 2 to Beacon 3 Upgrades Low 20W 2 Outdoor Outdoor AC RBS 6102 No No No Macro ERS to ERS RUS 01 N/A Yes,B2 to B3 Upgrade - Outdoor 20W Low L18 - 2 Sector,
58,B2 to B3 Upgrade - Indoor 20W Low Non-RRU BB - 3 Sector,Beacon 2 to Beacon 3 Upgrades,Low,20W,3,Indoor,Indoor DC RBS 6201,No,No,No,Macro,Macro to Macro,N/A,N/A,Yes,Beacon 2 to Beacon 3 Upgrades Low 20W 3 Indoor Indoor DC RBS 6201 No No No Macro Macro to Macro N/A N/A Yes,B2 to B3 Upgrade - Indoor 20W Low Non-RRU BB - 3 Sector,
58,B2 to B3 Upgrade - Outdoor 20W Low Non-RRU BB - 3 Sector,Beacon 2 to Beacon 3 Upgrades,Low,20W,3,Outdoor,Outdoor AC RBS 6102,No,No,No,Macro,Macro to Macro,N/A,N/A,Yes,Beacon 2 to Beacon 3 Upgrades Low 20W 3 Outdoor Outdoor AC RBS 6102 No No No Macro Macro to Macro N/A N/A Yes,B2 to B3 Upgrade - Outdoor 20W Low Non-RRU BB - 3 Sector,
58,B2 to B3 Upgrade - Indoor 20W Low Non-RRU BB - 3 Sector to 20W Low ULNR,Beacon 2 to Beacon 3 Upgrades,Low,20W,3,Indoor,Indoor DC RBS 6201,No,No,No,Macro,Macro to ERS,N/A,N/A,No,Beacon 2 to Beacon 3 Upgrades Low 20W 3 Indoor Indoor DC RBS 6201 No No No Macro Macro to ERS N/A N/A No,B2 to B3 Upgrade - Indoor 20W Low Non-RRU BB - 3 Sector to 20W Low ULNR,
58,B2 to B3 Upgrade - Outdoor 20W Low Non-RRU BB - 3 Sector to 20W Low ULNR,Beacon 2 to Beacon 3 Upgrades,Low,20W,3,Outdoor,Outdoor AC RBS 6102,No,No,No,Macro,Macro to ERS,N/A,N/A,No,Beacon 2 to Beacon 3 Upgrades Low 20W 3 Outdoor Outdoor AC RBS 6102 No No No Macro Macro to ERS N/A N/A No,B2 to B3 Upgrade - Outdoor 20W Low Non-RRU BB - 3 Sector to 20W Low ULNR,
58,B2 to B3 Upgrade - Indoor 20W Low ULNR - 3 Sector,Beacon 2 to Beacon 3 Upgrades,Low,20W,3,Indoor,Indoor DC RBS 6201,No,No,No,Macro,Macro to ERS,N/A,N/A,Yes,Beacon 2 to Beacon 3 Upgrades Low 20W 3 Indoor Indoor DC RBS 6201 No No No Macro Macro to ERS N/A N/A Yes,B2 to B3 Upgrade - Indoor 20W Low ULNR - 3 Sector,
58,B2 to B3 Upgrade - Outdoor 20W Low ULNR - 3 Sector,Beacon 2 to Beacon 3 Upgrades,Low,20W,3,Outdoor,Outdoor AC RBS 6102,No,No,No,Macro,Macro to ERS,N/A,N/A,Yes,Beacon 2 to Beacon 3 Upgrades Low 20W 3 Outdoor Outdoor AC RBS 6102 No No No Macro Macro to ERS N/A N/A Yes,B2 to B3 Upgrade - Outdoor 20W Low ULNR - 3 Sector,
59,B2 to B3 Upgrade - Indoor 20W Low Non-RRU BB - 2 Sector,Beacon 2 to Beacon 3 Upgrades,Low,20W,2,Indoor,Indoor DC RBS 6201,No,No,No,Macro,Macro to Macro,N/A,N/A,Yes,Beacon 2 to Beacon 3 Upgrades Low 20W 2 Indoor Indoor DC RBS 6201 No No No Macro Macro to Macro N/A N/A Yes,B2 to B3 Upgrade - Indoor 20W Low Non-RRU BB - 2 Sector,
59,B2 to B3 Upgrade - Outdoor 20W Low Non-RRU BB - 2 Sector,Beacon 2 to Beacon 3 Upgrades,Low,20W,2,Outdoor,Outdoor AC RBS 6102,No,No,No,Macro,Macro to Macro,N/A,N/A,Yes,Beacon 2 to Beacon 3 Upgrades Low 20W 2 Outdoor Outdoor AC RBS 6102 No No No Macro Macro to Macro N/A N/A Yes,B2 to B3 Upgrade - Outdoor 20W Low Non-RRU BB - 2 Sector,
59,B2 to B3 Upgrade - Indoor 20W Low Non-RRU BB - 2 Sector to 20W Low ULNR,Beacon 2 to Beacon 3 Upgrades,Low,20W,2,Indoor,Indoor DC RBS 6201,No,No,No,Macro,Macro to ERS,N/A,N/A,No,Beacon 2 to Beacon 3 Upgrades Low 20W 2 Indoor Indoor DC RBS 6201 No No No Macro Macro to ERS N/A N/A No,B2 to B3 Upgrade - Indoor 20W Low Non-RRU BB - 2 Sector to 20W Low ULNR,B2-CCR-084 (2)
59,B2 to B3 Upgrade - Outdoor 20W Low Non-RRU BB - 2 Sector to 20W Low ULNR,Beacon 2 to Beacon 3 Upgrades,Low,20W,2,Outdoor,Outdoor AC RBS 6102,No,No,No,Macro,Macro to ERS,N/A,N/A,No,Beacon 2 to Beacon 3 Upgrades Low 20W 2 Outdoor Outdoor AC RBS 6102 No No No Macro Macro to ERS N/A N/A No,B2 to B3 Upgrade - Outdoor 20W Low Non-RRU BB - 2 Sector to 20W Low ULNR,B2-CCR-084 (3)
59,B2 to B3 Upgrade - Indoor 20W Low ULNR - 2 Sector,Beacon 2 to Beacon 3 Upgrades,Low,20W,2,Indoor,Indoor DC RBS 6201,No,No,No,Macro,Macro to ERS,N/A,N/A,Yes,Beacon 2 to Beacon 3 Upgrades Low 20W 2 Indoor Indoor DC RBS 6201 No No No Macro Macro to ERS N/A N/A Yes,B2 to B3 Upgrade - Indoor 20W Low ULNR - 2 Sector,B2-CCR-084 (4)
59,B2 to B3 Upgrade - Outdoor 20W Low ULNR - 2 Sector,Beacon 2 to Beacon 3 Upgrades,Low,20W,2,Outdoor,Outdoor AC RBS 6102,No,No,No,Macro,Macro to ERS,N/A,N/A,Yes,Beacon 2 to Beacon 3 Upgrades Low 20W 2 Outdoor Outdoor AC RBS 6102 No No No Macro Macro to ERS N/A N/A Yes,B2 to B3 Upgrade - Outdoor 20W Low ULNR - 2 Sector,B2-CCR-084 (5)
60,B2 to B3 Upgrade - Outdoor 20W L2100 UU21 SF - 3 Sector,Beacon 2 to Beacon 3 Upgrades,UU21,20W,3,Outdoor,3PP SF Baseband,No,No,No,N/A,N/A,N/A,ERS,Yes,Beacon 2 to Beacon 3 Upgrades UU21 20W 3 Outdoor 3PP SF Baseband No No No N/A N/A N/A ERS Yes,B2 to B3 Upgrade - Outdoor 20W L2100 UU21 SF - 3 Sector,B2-CCR-084 (6)
61,B2 to B3 Upgrade - Indoor 20W Modular Medium - 3 Sector,Beacon 2 to Beacon 3 Upgrades,Medium,20W,3,Indoor,Indoor Remote DC RBS 6601,No,No,No,ERS,ERS to ERS,Radio 2217,ERS,No,Beacon 2 to Beacon 3 Upgrades Medium 20W 3 Indoor Indoor Remote DC RBS 6601 No No No ERS ERS to ERS Radio 2217 ERS No,B2 to B3 Upgrade - Indoor 20W Modular Medium - 3 Sector,B2-CCR-084 (7)
62,B2 to B3 Upgrade - Indoor 20W Small UL - 3 Sector,Beacon 2 to Beacon 3 Upgrades,Small UL,20W,3,Indoor,Indoor DC RBS 6201,No,No,No,Macro,ERS to ERS,N/A,ERS,No,Beacon 2 to Beacon 3 Upgrades Small UL 20W 3 Indoor Indoor DC RBS 6201 No No No Macro ERS to ERS N/A ERS No,B2 to B3 Upgrade - Indoor 20W Small UL - 3 Sector,B2-CCR-084 (8)
62,B2 to B3 Upgrade - Outdoor 20W Small UL - 3 Sector,Beacon 2 to Beacon 3 Upgrades,Small UL,20W,3,Outdoor,Outdoor AC RBS 6102,No,No,No,Macro,ERS to ERS,N/A,ERS,No,Beacon 2 to Beacon 3 Upgrades Small UL 20W 3 Outdoor Outdoor AC RBS 6102 No No No Macro ERS to ERS N/A ERS No,B2 to B3 Upgrade - Outdoor 20W Small UL - 3 Sector,B2-CCR-084 (9)
63,B2 to B3 Upgrade - Indoor 20W Small UL - 2 Sector,Beacon 2 to Beacon 3 Upgrades,Small UL,20W,2,Indoor,Indoor DC RBS 6201,No,No,No,Macro,ERS to ERS,N/A,ERS,No,Beacon 2 to Beacon 3 Upgrades Small UL 20W 2 Indoor Indoor DC RBS 6201 No No No Macro ERS to ERS N/A ERS No,B2 to B3 Upgrade - Indoor 20W Small UL - 2 Sector,B2-CCR-084 (10)
63,B2 to B3 Upgrade - Outdoor 20W Small UL - 2 Sector,Beacon 2 to Beacon 3 Upgrades,Small UL,20W,2,Outdoor,Outdoor AC RBS 6102,No,No,No,Macro,ERS to ERS,N/A,ERS,No,Beacon 2 to Beacon 3 Upgrades Small UL 20W 2 Outdoor Outdoor AC RBS 6102 No No No Macro ERS to ERS N/A ERS No,B2 to B3 Upgrade - Outdoor 20W Small UL - 2 Sector,B2-CCR-084 (11)
64,B2 to B3 Upgrade - Indoor 12W High - 3 Sector,Beacon 2 to Beacon 3 Upgrades,High,12W,3,Indoor,Indoor DC RBS 6201,Yes,No,No,Macro,ERS to ERS,RUS 02,ERS,No,Beacon 2 to Beacon 3 Upgrades High 12W 3 Indoor Indoor DC RBS 6201 Yes No No Macro ERS to ERS RUS 02 ERS No,B2 to B3 Upgrade - Indoor 12W High - 3 Sector,B2-CCR-085 (1)
64,B2 to B3 Upgrade - Outdoor 12W High - 3 Sector,Beacon 2 to Beacon 3 Upgrades,High,12W,3,Outdoor,Outdoor AC RBS 6102,Yes,No,No,Macro,ERS to ERS,RUS 02,ERS,No,Beacon 2 to Beacon 3 Upgrades High 12W 3 Outdoor Outdoor AC RBS 6102 Yes No No Macro ERS to ERS RUS 02 ERS No,B2 to B3 Upgrade - Outdoor 12W High - 3 Sector,B2-CCR-085 (1)
65,B2 to B3 Upgrade - Indoor 12W High - 2 Sector,Beacon 2 to Beacon 3 Upgrades,High,12W,2,Indoor,Indoor DC RBS 6201,Yes,No,No,Macro,ERS to ERS,RUS 02,ERS,No,Beacon 2 to Beacon 3 Upgrades High 12W 2 Indoor Indoor DC RBS 6201 Yes No No Macro ERS to ERS RUS 02 ERS No,B2 to B3 Upgrade - Indoor 12W High - 2 Sector,B2-CCR-085 (2)
65,B2 to B3 Upgrade - Outdoor 12W High - 2 Sector,Beacon 2 to Beacon 3 Upgrades,High,12W,2,Outdoor,Outdoor AC RBS 6102,Yes,No,No,Macro,ERS to ERS,RUS 02,ERS,No,Beacon 2 to Beacon 3 Upgrades High 12W 2 Outdoor Outdoor AC RBS 6102 Yes No No Macro ERS to ERS RUS 02 ERS No,B2 to B3 Upgrade - Outdoor 12W High - 2 Sector,B2-CCR-085 (2)
66,B2 to B3 Upgrade - Indoor 12W Medium/L18 Small - 3 Sector,Beacon 2 to Beacon 3 Upgrades,Medium,12W,3,Indoor,Indoor DC RBS 6201,Yes,No,No,Macro,ERS to ERS,RUS 01,ERS,No,Beacon 2 to Beacon 3 Upgrades Medium 12W 3 Indoor Indoor DC RBS 6201 Yes No No Macro ERS to ERS RUS 01 ERS No,B2 to B3 Upgrade - Indoor 12W Medium/L18 Small - 3 Sector,B2-CCR-085 (3)
66,B2 to B3 Upgrade - Outdoor 12W Medium/L18 Small - 3 Sector,Beacon 2 to Beacon 3 Upgrades,Medium,12W,3,Outdoor,Outdoor AC RBS 6102,Yes,No,No,Macro,ERS to ERS,RUS 01,ERS,No,Beacon 2 to Beacon 3 Upgrades Medium 12W 3 Outdoor Outdoor AC RBS 6102 Yes No No Macro ERS to ERS RUS 01 ERS No,B2 to B3 Upgrade - Outdoor 12W Medium/L18 Small - 3 Sector,B2-CCR-085 (3)
67,B2 to B3 Upgrade - Indoor 12W Medium/L18 Small - 2 Sector,Beacon 2 to Beacon 3 Upgrades,Medium,12W,2,Indoor,Indoor DC RBS 6201,Yes,No,No,Macro,ERS to ERS,RUS 01,ERS,No,Beacon 2 to Beacon 3 Upgrades Medium 12W 2 Indoor Indoor DC RBS 6201 Yes No No Macro ERS to ERS RUS 01 ERS No,B2 to B3 Upgrade - Indoor 12W Medium/L18 Small - 2 Sector,B2-CCR-085 (4)
67,B2 to B3 Upgrade - Outdoor 12W Medium/L18 Small - 2 Sector,Beacon 2 to Beacon 3 Upgrades,Medium,12W,2,Outdoor,Outdoor AC RBS 6102,Yes,No,No,Macro,ERS to ERS,RUS 01,ERS,No,Beacon 2 to Beacon 3 Upgrades Medium 12W 2 Outdoor Outdoor AC RBS 6102 Yes No No Macro ERS to ERS RUS 01 ERS No,B2 to B3 Upgrade - Outdoor 12W Medium/L18 Small - 2 Sector,B2-CCR-085 (4)
68,B2 to B3 Upgrade - Indoor 12W Small - 3 Sector,Beacon 2 to Beacon 3 Upgrades,Small,12W,3,Indoor,Indoor DC RBS 6201,Yes,No,No,Macro,ERS to ERS,N/A,ERS,No,Beacon 2 to Beacon 3 Upgrades Small 12W 3 Indoor Indoor DC RBS 6201 Yes No No Macro ERS to ERS N/A ERS No,B2 to B3 Upgrade - Indoor 12W Small - 3 Sector,B2-CCR-085 (3)
68,B2 to B3 Upgrade - Outdoor 12W Small - 3 Sector,Beacon 2 to Beacon 3 Upgrades,Small,12W,3,Outdoor,Outdoor AC RBS 6102,Yes,No,No,Macro,ERS to ERS,N/A,ERS,No,Beacon 2 to Beacon 3 Upgrades Small 12W 3 Outdoor Outdoor AC RBS 6102 Yes No No Macro ERS to ERS N/A ERS No,B2 to B3 Upgrade - Outdoor 12W Small - 3 Sector,B2-CCR-094 (3)
69,B2 to B3 Upgrade - Indoor 12W Small - 2 Sector,Beacon 2 to Beacon 3 Upgrades,Small,12W,2,Indoor,Indoor DC RBS 6201,Yes,No,No,Macro,ERS to ERS,N/A,ERS,No,Beacon 2 to Beacon 3 Upgrades Small 12W 2 Indoor Indoor DC RBS 6201 Yes No No Macro ERS to ERS N/A ERS No,B2 to B3 Upgrade - Indoor 12W Small - 2 Sector,B2-CCR-094 (4)
69,B2 to B3 Upgrade - Outdoor 12W Small - 2 Sector,Beacon 2 to Beacon 3 Upgrades,Small,12W,2,Outdoor,Outdoor AC RBS 6102,Yes,No,No,Macro,ERS to ERS,N/A,ERS,No,Beacon 2 to Beacon 3 Upgrades Small 12W 2 Outdoor Outdoor AC RBS 6102 Yes No No Macro ERS to ERS N/A ERS No,B2 to B3 Upgrade - Outdoor 12W Small - 2 Sector,B2-CCR-094 (4)
68,B2 to B3 Upgrade - Indoor 12W Small - 3 Sector + L18 2x2 4415 Option,Beacon 2 to Beacon 3 Upgrades,Small,12W,3,Indoor,Indoor DC RBS 6201,Yes,No,No,Macro,ERS to ERS,Radio 4415,ERS,No,Beacon 2 to Beacon 3 Upgrades Small 12W 3 Indoor Indoor DC RBS 6201 Yes No No Macro ERS to ERS Radio 4415 ERS No,B2 to B3 Upgrade - Indoor 12W Small - 3 Sector + L18 2x2 4415 Option,B2-CCR-094 (5)
68,B2 to B3 Upgrade - Outdoor 12W Small - 3 Sector + L18 2x2 4415 Option,Beacon 2 to Beacon 3 Upgrades,Small,12W,3,Outdoor,Outdoor AC RBS 6102,Yes,No,No,Macro,ERS to ERS,Radio 4415,ERS,No,Beacon 2 to Beacon 3 Upgrades Small 12W 3 Outdoor Outdoor AC RBS 6102 Yes No No Macro ERS to ERS Radio 4415 ERS No,B2 to B3 Upgrade - Outdoor 12W Small - 3 Sector + L18 2x2 4415 Option,B2-CCR-101 (2)
69,B2 to B3 Upgrade - Indoor 12W Small - 2 Sector + L18 2x2 4415 Option,Beacon 2 to Beacon 3 Upgrades,Small,12W,2,Indoor,Indoor DC RBS 6201,Yes,No,No,Macro,ERS to ERS,Radio 4415,ERS,No,Beacon 2 to Beacon 3 Upgrades Small 12W 2 Indoor Indoor DC RBS 6201 Yes No No Macro ERS to ERS Radio 4415 ERS No,B2 to B3 Upgrade - Indoor 12W Small - 2 Sector + L18 2x2 4415 Option,B2-CCR-102 (4)
69,B2 to B3 Upgrade - Outdoor 12W Small - 2 Sector + L18 2x2 4415 Option,Beacon 2 to Beacon 3 Upgrades,Small,12W,2,Outdoor,Outdoor AC RBS 6102,Yes,No,No,Macro,ERS to ERS,Radio 4415,ERS,No,Beacon 2 to Beacon 3 Upgrades Small 12W 2 Outdoor Outdoor AC RBS 6102 Yes No No Macro ERS to ERS Radio 4415 ERS No,B2 to B3 Upgrade - Outdoor 12W Small - 2 Sector + L18 2x2 4415 Option,B2-CCR-102 Option 2
70,B2 to B3 Upgrade - Outdoor 12W Small SF - 3 Sector (York),Beacon 2 to Beacon 3 Upgrades,Small,12W,3,Outdoor,Outdoor AC RBS 6102,Yes,6102 to York,No,Macro,Macro to ERS,N/A,ERS,No,Beacon 2 to Beacon 3 Upgrades Small 12W 3 Outdoor Outdoor AC RBS 6102 Yes 6102 to York No Macro Macro to ERS N/A ERS No,B2 to B3 Upgrade - Outdoor 12W Small SF - 3 Sector (York),B2-CCR-098 (3)
71,B2 to B3 Upgrade - Outdoor 12W Small SF - 2 Sector (York),Beacon 2 to Beacon 3 Upgrades,Small,12W,2,Outdoor,Outdoor AC RBS 6102,Yes,6102 to York,No,Macro,Macro to ERS,N/A,ERS,No,Beacon 2 to Beacon 3 Upgrades Small 12W 2 Outdoor Outdoor AC RBS 6102 Yes 6102 to York No Macro Macro to ERS N/A ERS No,B2 to B3 Upgrade - Outdoor 12W Small SF - 2 Sector (York),B2-CCR-103 (4)
72,B2 to B3 Upgrade - Outdoor 12W Small SF - 3 Sector (Lancaster),Beacon 2 to Beacon 3 Upgrades,Small,12W,3,Outdoor,Outdoor AC RBS 6102,Yes,Lancaster to Lancaster,Yes,Macro,ERS to ERS,N/A,ERS,No,Beacon 2 to Beacon 3 Upgrades Small 12W 3 Outdoor Outdoor AC RBS 6102 Yes Lancaster to Lancaster Yes Macro ERS to ERS N/A ERS No,B2 to B3 Upgrade - Outdoor 12W Small SF - 3 Sector (Lancaster),B2-CCR-103 (4)
73,B2 to B3 Upgrade - Outdoor 12W Small SF - 3 Sector (Lancaster to York),Beacon 2 to Beacon 3 Upgrades,Small,12W,3,Outdoor,Outdoor AC RBS 6102,Yes,Lancaster to York,No,Macro,ERS to ERS,N/A,ERS,No,Beacon 2 to Beacon 3 Upgrades Small 12W 3 Outdoor Outdoor AC RBS 6102 Yes Lancaster to York No Macro ERS to ERS N/A ERS No,B2 to B3 Upgrade - Outdoor 12W Small SF - 3 Sector (Lancaster to York),B2-CCR-105
74,B2 to B3 Upgrade - Outdoor 12W Small SF - 2 Sector (Lancaster),Beacon 2 to Beacon 3 Upgrades,Small,12W,2,Outdoor,Outdoor AC RBS 6102,Yes,Lancaster to Lancaster,Yes,Macro,ERS to ERS,N/A,ERS,No,Beacon 2 to Beacon 3 Upgrades Small 12W 2 Outdoor Outdoor AC RBS 6102 Yes Lancaster to Lancaster Yes Macro ERS to ERS N/A ERS No,B2 to B3 Upgrade - Outdoor 12W Small SF - 2 Sector (Lancaster),B2-CCR-106
75,B2 to B3 Upgrade - Outdoor 12W Small SF - 2 Sector (Lancaster to York),Beacon 2 to Beacon 3 Upgrades,Small,12W,2,Outdoor,Outdoor AC RBS 6102,Yes,Lancaster to York,No,Macro,ERS to ERS,N/A,ERS,No,Beacon 2 to Beacon 3 Upgrades Small 12W 2 Outdoor Outdoor AC RBS 6102 Yes Lancaster to York No Macro ERS to ERS N/A ERS No,B2 to B3 Upgrade - Outdoor 12W Small SF - 2 Sector (Lancaster to York),B2-CCR-111
76,B2 to B3 Upgrade - Outdoor 12W L18 Small SF - 3 Sector (York),Beacon 2 to Beacon 3 Upgrades,Small,12W,3,Outdoor,Outdoor AC RBS 6102,Yes,6102 to York,No,Macro,Macro to ERS,Radio 4480,ERS,No,Beacon 2 to Beacon 3 Upgrades Small 12W 3 Outdoor Outdoor AC RBS 6102 Yes 6102 to York No Macro Macro to ERS Radio 4480 ERS No,B2 to B3 Upgrade - Outdoor 12W L18 Small SF - 3 Sector (York),B2-CCR-114
77,B2 to B3 Upgrade - Outdoor 12W L18 Small SF - 2 Sector (York),Beacon 2 to Beacon 3 Upgrades,Small,12W,2,Outdoor,Outdoor AC RBS 6102,Yes,6102 to York,No,Macro,Macro to ERS,Radio 4480,ERS,No,Beacon 2 to Beacon 3 Upgrades Small 12W 2 Outdoor Outdoor AC RBS 6102 Yes 6102 to York No Macro Macro to ERS Radio 4480 ERS No,B2 to B3 Upgrade - Outdoor 12W L18 Small SF - 2 Sector (York),5G 64 M-MIMO
78,B2 to B3 Upgrade - Outdoor 12W L18 Small SF - 3 Sector (Lancaster),Beacon 2 to Beacon 3 Upgrades,Small,12W,3,Outdoor,Outdoor AC RBS 6102,Yes,Lancaster to Lancaster,Yes,Macro,ERS to ERS,Radio 2217,ERS,No,Beacon 2 to Beacon 3 Upgrades Small 12W 3 Outdoor Outdoor AC RBS 6102 Yes Lancaster to Lancaster Yes Macro ERS to ERS Radio 2217 ERS No,B2 to B3 Upgrade - Outdoor 12W L18 Small SF - 3 Sector (Lancaster),5G 64 M-MIMO
79,B2 to B3 Upgrade - Outdoor 12W L18 Small SF - 3 Sector (Lancaster to York),Beacon 2 to Beacon 3 Upgrades,Small,12W,3,Outdoor,Outdoor AC RBS 6102,Yes,Lancaster to York,No,Macro,ERS to ERS,Radio 4480,ERS,No,Beacon 2 to Beacon 3 Upgrades Small 12W 3 Outdoor Outdoor AC RBS 6102 Yes Lancaster to York No Macro ERS to ERS Radio 4480 ERS No,B2 to B3 Upgrade - Outdoor 12W L18 Small SF - 3 Sector (Lancaster to York),5G 64 M-MIMO
80,B2 to B3 Upgrade - Outdoor 12W Small SF Single 6102- 3 Sector,Beacon 2 to Beacon 3 Upgrades,Small,12W,3,Outdoor,Outdoor AC RBS 6102,No,No,No,Macro,ERS to ERS,N/A,ERS,No,Beacon 2 to Beacon 3 Upgrades Small 12W 3 Outdoor Outdoor AC RBS 6102 No No No Macro ERS to ERS N/A ERS No,B2 to B3 Upgrade - Outdoor 12W Small SF Single 6102- 3 Sector,5G 64 M-MIMO
81,B2 to B3 Upgrade - Outdoor 12W Small SF Single 6102 - 2 Sector,Beacon 2 to Beacon 3 Upgrades,Small,12W,2,Outdoor,Outdoor AC RBS 6102,No,No,No,Macro,ERS to ERS,N/A,ERS,No,Beacon 2 to Beacon 3 Upgrades Small 12W 2 Outdoor Outdoor AC RBS 6102 No No No Macro ERS to ERS N/A ERS No,B2 to B3 Upgrade - Outdoor 12W Small SF Single 6102 - 2 Sector,5G 64 M-MIMO
82,B2 to B3 Upgrade - Outdoor 12W L18 Small SF Single 6102- 3 Sector,Beacon 2 to Beacon 3 Upgrades,Small,12W,3,Outdoor,Outdoor AC RBS 6102,No,No,No,Macro,ERS to ERS,Radio 2217,ERS,No,Beacon 2 to Beacon 3 Upgrades Small 12W 3 Outdoor Outdoor AC RBS 6102 No No No Macro ERS to ERS Radio 2217 ERS No,B2 to B3 Upgrade - Outdoor 12W L18 Small SF Single 6102- 3 Sector,5G 64 M-MIMO
83,B2 to B3 Upgrade - Indoor 12W Low - 3 Sector,Beacon 2 to Beacon 3 Upgrades,Low,12W,3,Indoor,Indoor DC RBS 6201,No,No,No,Macro,ERS to ERS,N/A,N/A,Yes,Beacon 2 to Beacon 3 Upgrades Low 12W 3 Indoor Indoor DC RBS 6201 No No No Macro ERS to ERS N/A N/A Yes,B2 to B3 Upgrade - Indoor 12W Low - 3 Sector,5G
83,B2 to B3 Upgrade - Outdoor 12W Low - 3 Sector,Beacon 2 to Beacon 3 Upgrades,Low,12W,3,Outdoor,Outdoor AC RBS 6102,No,No,No,Macro,ERS to ERS,N/A,N/A,Yes,Beacon 2 to Beacon 3 Upgrades Low 12W 3 Outdoor Outdoor AC RBS 6102 No No No Macro ERS to ERS N/A N/A Yes,B2 to B3 Upgrade - Outdoor 12W Low - 3 Sector,5G
84,B2 to B3 Upgrade - Indoor 12W Low - 2 Sector,Beacon 2 to Beacon 3 Upgrades,Low,12W,2,Indoor,Indoor DC RBS 6201,No,No,No,Macro,ERS to ERS,N/A,N/A,Yes,Beacon 2 to Beacon 3 Upgrades Low 12W 2 Indoor Indoor DC RBS 6201 No No No Macro ERS to ERS N/A N/A Yes,B2 to B3 Upgrade - Indoor 12W Low - 2 Sector,5G
84,B2 to B3 Upgrade - Outdoor 12W Low - 2 Sector,Beacon 2 to Beacon 3 Upgrades,Low,12W,2,Outdoor,Outdoor AC RBS 6102,No,No,No,Macro,ERS to ERS,N/A,N/A,Yes,Beacon 2 to Beacon 3 Upgrades Low 12W 2 Outdoor Outdoor AC RBS 6102 No No No Macro ERS to ERS N/A N/A Yes,B2 to B3 Upgrade - Outdoor 12W Low - 2 Sector,5G
85,B2 to B3 Upgrade - Indoor 20W L2100 UU21 - 3 Sector,Beacon 2 to Beacon 3 Upgrades,UU21,20W,3,Indoor,Indoor DC RBS 6201,No,No,No,N/A,N/A,N/A,ERS,Yes,Beacon 2 to Beacon 3 Upgrades UU21 20W 3 Indoor Indoor DC RBS 6201 No No No N/A N/A N/A ERS Yes,B2 to B3 Upgrade - Indoor 20W L2100 UU21 - 3 Sector,5G
85,B2 to B3 Upgrade - Outdoor 20W L2100 UU21 - 3 Sector,Beacon 2 to Beacon 3 Upgrades,UU21,20W,3,Outdoor,Outdoor AC RBS 6102,No,No,No,N/A,N/A,N/A,ERS,Yes,Beacon 2 to Beacon 3 Upgrades UU21 20W 3 Outdoor Outdoor AC RBS 6102 No No No N/A N/A N/A ERS Yes,B2 to B3 Upgrade - Outdoor 20W L2100 UU21 - 3 Sector,5G
86,B2 to B3 Upgrade - Indoor 12W Small UL - 3 Sector,Beacon 2 to Beacon 3 Upgrades,Small UL,12W,3,Indoor,Indoor DC RBS 6201,No,No,No,Macro,ERS to ERS,N/A,ERS,No,Beacon 2 to Beacon 3 Upgrades Small UL 12W 3 Indoor Indoor DC RBS 6201 No No No Macro ERS to ERS N/A ERS No,B2 to B3 Upgrade - Indoor 12W Small UL - 3 Sector,5G Test Bed
86,B2 to B3 Upgrade - Outdoor 12W Small UL - 3 Sector,Beacon 2 to Beacon 3 Upgrades,Small UL,12W,3,Outdoor,Outdoor AC RBS 6102,No,No,No,Macro,ERS to ERS,N/A,ERS,No,Beacon 2 to Beacon 3 Upgrades Small UL 12W 3 Outdoor Outdoor AC RBS 6102 No No No Macro ERS to ERS N/A ERS No,B2 to B3 Upgrade - Outdoor 12W Small UL - 3 Sector,5G Test Bed
87,B2 to B3 Upgrade - Indoor 12W Small UL - 2 Sector,Beacon 2 to Beacon 3 Upgrades,Small UL,12W,2,Indoor,Indoor DC RBS 6201,No,No,No,Macro,ERS to ERS,N/A,ERS,No,Beacon 2 to Beacon 3 Upgrades Small UL 12W 2 Indoor Indoor DC RBS 6201 No No No Macro ERS to ERS N/A ERS No,B2 to B3 Upgrade - Indoor 12W Small UL - 2 Sector,
87,B2 to B3 Upgrade - Outdoor 12W Small UL - 2 Sector,Beacon 2 to Beacon 3 Upgrades,Small UL,12W,2,Outdoor,Outdoor AC RBS 6102,No,No,No,Macro,ERS to ERS,N/A,ERS,No,Beacon 2 to Beacon 3 Upgrades Small UL 12W 2 Outdoor Outdoor AC RBS 6102 No No No Macro ERS to ERS N/A ERS No,B2 to B3 Upgrade - Outdoor 12W Small UL - 2 Sector,
89,B2 to B3 Upgrade - Outdoor 20W RBSERS Small SF - 3 Sector (York),Beacon 2 to Beacon 3 Upgrades,Small,20W,3,Outdoor,Outdoor York/Shire,Yes,6102 to York,No,ERS,Macro to ERS,N/A,ERS,No,Beacon 2 to Beacon 3 Upgrades Small 20W 3 Outdoor Outdoor York/Shire Yes 6102 to York No ERS Macro to ERS N/A ERS No,B2 to B3 Upgrade - Outdoor 20W RBSERS Small SF - 3 Sector (York),
89,B2 to B3 Upgrade - Outdoor 20W RBSERS L18 Small SF - 3 Sector (York),Beacon 2 to Beacon 3 Upgrades,Small,20W,3,Outdoor,Outdoor York/Shire,Yes,6102 to York,No,ERS,Macro to ERS,Radio 4480,ERS,No,Beacon 2 to Beacon 3 Upgrades Small 20W 3 Outdoor Outdoor York/Shire Yes 6102 to York No ERS Macro to ERS Radio 4480 ERS No,B2 to B3 Upgrade - Outdoor 20W RBSERS L18 Small SF - 3 Sector (York),
Additional Order Codes,,,,,,,,,,,,,,,,,,
N/A,Indoor-T34 8x8-3 Sector Northern Ireland,,,,,,,,,,,,,,,,,
N/A,Outdoor-T34 8x8-3 Sector Northern Ireland,,,,,,,,,,,,,,,,,
N/A,Indoor-T34 64M-3 Sector Northern Ireland,,,,,,,,,,,,,,,,,
N/A,Outdoor-T34 64M-3 Sector Northern Ireland,,,,,,,,,,,,,,,,,
N/A,Indoor-T34 64M-3 Sector,,,,,,,,,,,,,,,,,
N/A,Outdoor-T34 64M-3 Sector,,,,,,,,,,,,,,,,,
B2-B3/14,DUS to Baseband 6630 Upgrade,,,,,,,,,,,,,,,,,
N/A,RBS 6102 2nd Power Subrack expansion,,,,,,,,,,,,,,,,,
T23 20MHz to 40MHz Upgrade,,,,,,,,,,,,,,,,,,
N/A,Upgrade TDD 2300 4x4 20MHz to 40 MHz - 3 Sector,,,,,,,,,,,,,,,,,
N/A,Upgrade TDD 2300 4x4 20MHz to 40 MHz - 2 Sector,,,,,,,,,,,,,,,,,
N/A,Upgrade TDD 2300 4x4 20MHz to 40 MHz - 1 Sector,,,,,,,,,,,,,,,,,
L9 5MHz to 10MHz Upgrade,,,,,,,,,,,,,,,,,,
N/A,L9 5MHz to 10MHz Upgrade - 1 Sector,,,,,,,,,,,,,,,,,
VF L21 10MHz to 15MHz and 4T4R Upgrades,,,,,,,,,,,,,,,,,,
N/A,VF L21 10MHz to 15MHz Upgrade - 1 Sector,,,,,,,,,,,,,,,,,
N/A,VF L21 10MHz 4T4R Upgrade - 1 Sector,,,,,,,,,,,,,,,,,
N/A,VF L21 15MHz 4T4R Upgrade - 1 Sector,,,,,,,,,,,,,,,,,
ESS related Upgrades,,,,,,,,,,,,,,,,,,
N/A,Additional Baseband 6630 Upgrade,,,,,,,,,,,,,,,,,
N/A,GPS Upgrade,,,,,,,,,,,,,,,,,
NR700 1.5U PDU Subrack Upgrade,,,,,,,,,,,,,,,,,,
N/A,Additional 1.5U PDU Subrack Upgrade,,,,,,,,,,,,,,,,,
High / Medium to Small Downgrade,,,,,,,,,,,,,,,,,,
N/A,20W High / High U2100 RRU to 20W Small / Small U2100 RRU - 3 Sector,,,,,,,,,,,,,,,,,
N/A,20W Medium to 20W Small - 3 Sector,,,,,,,,,,,,,,,,,
N/A,20W Medium U2100 RRU to 20W Small U2100 RRU - 3 Sector,,,,,,,,,,,,,,,,,
N/A,20W High / 20W Medium to 20W Small - 2 Sector,,,,,,,,,,,,,,,,,
N/A,12W High to 12W Small - 3 Sector,,,,,,,,,,,,,,,,,
N/A,12W High to 12W Small - 2 Sector,,,,,,,,,,,,,,,,,
N/A,12W Medium to 12W Small - 3 Sector,,,,,,,,,,,,,,,,,
N/A,12W Medium to 12W Small - 2 Sector,,,,,,,,,,,,,,,,,
,,,,,,,,,,,,,,,,,,
,,,,,,,,,,,,,,,,,,
,,,,,,,,,,,,,,,,,,
,,,,,,,,,,,,,,,,,,
,,,,,,,,,,,,,,,,,,
,,,,,,,,,,,,,,,,,,
,,,,,,,,,,,,,,,,,,
,,,,,,,,,,,,,,,,,,
,,,,,,,,,,,,,,,,,,
,,,,,,,,,,,,,,,,,,
,,,,,,,,,,,,,,,,,,
,,,,,,,,,,,,,,,,,,
,,,,,,,,,,,,,,,,,,
,,,,,,,,,,,,,,,,,,
,,,,,,,,,,,,,,,,,,
,,,,,,,,,,,,,,,,,,
,,,,,,,,,,,,,,,,,,
,,,,,,,,,,,,,,,,,,
,,,,,,,,,,,,,,,,,,
,,,,,,,,,,,,,,,,,,
,,,,,,,,,,,,,,,,,,
,,,,,,,,,,,,,,,,,,
,,,,,,,,,,,,,,,,,,
,,,,,,,,,,,,,,,,,,
,,,,,,,,,,,,,,,,,,
,,,,,,,,,,,,,,,,,,
,,,,,,,,,,,,,,,,,,
,,,,,,,,,,,,,,,,,,
,,,,,,,,,,,,,,,,,,
,,,,,,,,,,,,,,,,,,
,,,,,,,,,,,,,,,,,,
,,,,,,,,,,,,,,,,,,
,,,,,,,,,,,,,,,,,,
,,,,,,,,,,,,,,,,,,
,,,,,,,,,,,,,,,,,,
,,,,,,,,,,,,,,,,,,
,,,,,,,,,,,,,,,,,,
,,,,,,,,,,,,,,,,,,
,,,,,,,,,,,,,,,,,,
,,,,,,,,,,,,,,,,,,
,,,,,,,,,,,,,,,,,,
,,,,,,,,,,,,,,,,,,
,,,,,,,,,,,,,,,,,,
,,,,,,,,,,,,,,,,,,
,,,,,,,,,,,,,,,,,,
,,,,,,,,,,,,,,,,,,
,,,,,,,,,,,,,,,,,,
,,,,,,,,,,,,,,,,,,
,,,,,,,,,,,,,,,,,,
,,,,,,,,,,,,,,,,,,
,,,,,,,,,,,,,,,,,,
,,,,,,,,,,,,,,,,,,
,,,,,,,,,,,,,,,,,,
,,,,,,,,,,,,,,,,,,
,,,,,,,,,,,,,,,,,,
,,,,,,,,,,,,,,,,,,
,,,,,,,,,,,,,,,,,,
,,,,,,,,,,,,,,,,,,
,,,,,,,,,,,,,,,,,,
,,,,,,,,,,,,,,,,,,
,,,,,,,,,,,,,,,,,,
,,,,,,,,,,,,,,,,,,
,,,,,,,,,,,,,,,,,,
,,,,,,,,,,,,,,,,,,
,,,,,,,,,,,,,,,,,,
,,,,,,,,,,,,,,,,,,
,,,,,,,,,,,,,,,,,,
,,,,,,,,,,,,,,,,,,
,,,,,,,,,,,,,,,,,,
,,,,,,,,,,,,,,,,,,
,,,,,,,,,,,,,,,,,,
,,,,,,,,,,,,,,,,,,
,,,,,,,,,,,,,,,,,,
,,,,,,,,,,,,,,,,,,
,,,,,,,,,,,,,,,,,,
,,,,,,,,,,,,,,,,,,
,,,,,,,,,,,,,,,,,,
,,,,,,,,,,,,,,,,,,
,,,,,,,,,,,,,,,,,,
,,,,,,,,,,,,,,,,,,
,,,,,,,,,,,,,,,,,,
,,,,,,,,,,,,,,,,,,
,,,,,,,,,,,,,,,,,,
,,,,,,,,,,,,,,,,,,
,,,,,,,,,,,,,,,,,,
,,,,,,,,,,,,,,,,,,
,,,,,,,,,,,,,,,,,,
,,,,,,,,,,,,,,,,,,
,,,,,,,,,,,,,,,,,,
,,,,,,,,,,,,,,,,,,
,,,,,,,,,,,,,,,,,,
,,,,,,,,,,,,,,,,,,
,,,,,,,,,,,,,,,,,,
,,,,,,,,,,,,,,,,,,
,,,,,,,,,,,,,,,,,,
,,,,,,,,,,,,,,,,,,
,,,,,,,,,,,,,,,,,,
,,,,,,,,,,,,,,,,,,
,,,,,,,,,,,,,,,,,,
,,,,,,,,,,,,,,,,,,
,,,,,,,,,,,,,,,,,,
,,,,,,,,,,,,,,,,,,
,,,,,,,,,,,,,,,,,,
,,,,,,,,,,,,,,,,,,
,,,,,,,,,,,,,,,,,,
,,,,,,,,,,,,,,,,,,
,,,,,,,,,,,,,,,,,,
,,,,,,,,,,,,,,,,,,
,,,,,,,,,,,,,,,,,,
,,,,,,,,,,,,,,,,,,
,,,,,,,,,,,,,,,,,,
,,,,,,,,,,,,,,,,,,
,,,,,,,,,,,,,,,,,,
,,,,,,,,,,,,,,,,,,
,,,,,,,,,,,,,,,,,,
,,,,,,,,,,,,,,,,,,
,,,,,,,,,,,,,,,,,,
,,,,,,,,,,,,,,,,,,
,,,,,,,,,,,,,,,,,,
,,,,,,,,,,,,,,,,,,
,,,,,,,,,,,,,,,,,,
,,,,,,,,,,,,,,,,,,
,,,,,,,,,,,,,,,,,,
,,,,,,,,,,,,,,,,,,
,,,,,,,,,,,,,,,,,,
,,,,,,,,,,,,,,,,,,
,,,,,,,,,,,,,,,,,,
,,,,,,,,,,,,,,,,,,
,,,,,,,,,,,,,,,,,,
,,,,,,,,,,,,,,,,,,
,,,,,,,,,,,,,,,,,,
,,,,,,,,,,,,,,,,,,
,,,,,,,,,,,,,,,,,,
,,,,,,,,,,,,,,,,,,
,,,,,,,,,,,,,,,,,,
,,,,,,,,,,,,,,,,,,
,,,,,,,,,,,,,,,,,,
,,,,,,,,,,,,,,,,,,
,,,,,,,,,,,,,,,,,,
,,,,,,,,,,,,,,,,,,
,,,,,,,,,,,,,,,,,,
,,,,,,,,,,,,,,,,,,
,,,,,,,,,,,,,,,,,,
,,,,,,,,,,,,,,,,,,
,,,,,,,,,,,,,,,,,,
,,,,,,,,,,,,,,,,,,
,,,,,,,,,,,,,,,,,,
,,,,,,,,,,,,,,,,,,
,,,,,,,,,,,,,,,,,,
,,,,,,,,,,,,,,,,,,
,,,,,,,,,,,,,,,,,,
,,,,,,,,,,,,,,,,,,
,,,,,,,,,,,,,,,,,,
,,,,,,,,,,,,,,,,,,
,,,,,,,,,,,,,,,,,,
,,,,,,,,,,,,,,,,,,
,,,,,,,,,,,,,,,,,,
,,,,,,,,,,,,,,,,,,
,,,,,,,,,,,,,,,,,,
,,,,,,,,,,,,,,,,,,
,,,,,,,,,,,,,,,,,,
,,,,,,,,,,,,,,,,,,
,,,,,,,,,,,,,,,,,,
,,,,,,,,,,,,,,,,,,
,,,,,,,,,,,,,,,,,,
,,,,,,,,,,,,,,,,,,
,,,,,,,,,,,,,,,,,,
,,,,,,,,,,,,,,,,,,
,,,,,,,,,,,,,,,,,,
,,,,,,,,,,,,,,,,,,
,,,,,,,,,,,,,,,,           ,,
,,,,,,,,,,,,,,,,           ,,
,,,,,,,,,,,,,,,,           ,,
,,,,,,,,,,,,,,,,           ,,
,,,,,,,,,,,,,,,,           ,,
,,,,,,,,,,,,,,,,           ,,
,,,,,,,,,,,,,,,,           ,,
,,,,,,,,,,,,,,,,           ,,
,,,,,,,,,,,,,,,,           ,,
,,,,,,,,,,,,,,,,           ,,
,,,,,,,,,,,,,,,,           ,,
,,,,,,,,,,,,,,,,           ,,
,,,,,,,,,,,,,,,,           ,,
,,,,,,,,,,,,,,,,           ,,
,,,,,,,,,,,,,,,,           ,,
,,,,,,,,,,,,,,,,           ,,
,,,,,,,,,,,,,,,,           ,,
,,,,,,,,,,,,,,,,           ,,
,,,,,,,,,,,,,,,,           ,,
,,,,,,,,,,,,,,,,           ,,
,,,,,,,,,,,,,,,,           ,,
,,,,,,,,,,,,,,,,           ,,
,,,,,,,,,,,,,,,,           ,,
,,,,,,,,,,,,,,,,           ,,
,,,,,,,,,,,,,,,,           ,,
,,,,,,,,,,,,,,,,           ,,
,,,,,,,,,,,,,,,,           ,,
,,,,,,,,,,,,,,,,           ,,
,,,,,,,,,,,,,,,,           ,,
,,,,,,,,,,,,,,,,           ,,
,,,,,,,,,,,,,,,,           ,,
,,,,,,,,,,,,,,,,           ,,
,,,,,,,,,,,,,,,,           ,,
,,,,,,,,,,,,,,,,           ,,
,,,,,,,,,,,,,,,,           ,,
,,,,,,,,,,,,,,,,           ,,
,,,,,,,,,,,,,,,,           ,,
,,,,,,,,,,,,,,,,           ,,
,,,,,,,,,,,,,,,,           ,,
,,,,,,,,,,,,,,,,           ,,
,,,,,,,,,,,,,,,,           ,,
,,,,,,,,,,,,,,,,           ,,
,,,,,,,,,,,,,,,,           ,,
,,,,,,,,,,,,,,,,           ,,
,,,,,,,,,,,,,,,,           ,,
,,,,,,,,,,,,,,,,           ,,
,,,,,,,,,,,,,,,,           ,,
,,,,,,,,,,,,,,,,           ,,
,,,,,,,,,,,,,,,,           ,,
,,,,,,,,,,,,,,,,           ,,
